seed,peak_index,t_peak_s,log10_t_peak,lnL,dlnL_from_global,is_global,is_nearest_to_truth,gap_to_next_s,gap_over_period
20260907,157,0.0403018052965377,-1.3946754994478685,-120691045313.02966,0.0,True,True,0.0009579603402638,0.3163004266484586
20260908,71,0.0229917709617144,-1.6384275755215671,-19353285369.320007,-100.01582717895508,False,True,0.0026429946903431,0.1122588641955418
20260908,9163,2.494628906222113,0.3970059503736154,-19353285269.30418,0.0,True,False,0.0002441406329358,0.010369657668061
20260932,18,0.0078126262978919,-2.10720294884349,-50174593924.22506,-274.5173110961914,False,True,0.0019530223634554,0.078398512732968
20260932,4438,2.499999999867282,0.3979400086489821,-50174593657.0171,-7.309349060058594,False,False,0.0002441407163447,0.009800332764814
20260932,4439,2.500244140583627,0.3979824181646068,-50174593654.23622,-4.528472900390625,False,False,0.0002441406451048,0.0098003299050912
20260932,4440,2.500488281228732,0.3980248235269089,-50174593652.13645,-2.4287033081054688,False,False,0.0002441406329367,0.0098003294166398
20260932,4441,2.5007324218616684,0.3980672247469596,-50174593650.41044,-0.7026901245117188,False,False,0.0002441405616959,0.0098003265568814
20260932,4442,2.5009765624233644,0.3981096218153099,-50174593649.70775,0.0,True,False,0.0002441406647957,0.0098003306955269
20260932,4443,2.50122070308816,0.3981520147630428,-50174593651.00371,-1.29595947265625,False,False,0.0004882811787023,0.0196006553340421
20260932,4444,2.5017089842668625,0.3982367882199782,-50174593654.9798,-5.2720489501953125,False,False,0.0002441407163447,0.009800332764814
20260932,4445,2.501953124983207,0.3982791687659406,-50174593658.67144,-8.963691711425781,False,False,0.0002441393864565,0.009800279380245
20260932,4446,2.502197264369664,0.3983215449457865,-50174593664.1251,-14.417350769042969,False,False,0.0095214860825469,0.3822129033682091
20260933,198,0.1481916752536483,-0.8291761923954907,-426006921598.96,-0.101806640625,False,False,0.0002432139440922,0.0459478856114308
20260933,199,0.1484348891977405,-0.8284640073778937,-426006921598.9613,-0.1031494140625,False,False,0.0017169513901064,0.3243658021641547
20260933,207,0.1550359210986418,-0.8095676661682757,-426006921599.0187,-0.1605224609375,False,True,0.0004891577461997,0.0924114949585397
20260933,243,0.1816381840307881,-0.7407928487075961,-426006921598.9639,-0.105712890625,False,False,0.0002259145138916,0.042679683851997
20260933,283,0.2102050342823417,-0.6773568870953116,-426006921598.96295,-0.10479736328125,False,False,0.0002437089634494,0.0460414044797104
20260933,284,0.2104487432457912,-0.6768536634205807,-426006921598.95966,-0.10150146484375,False,False,0.0002429327426329,0.0458947611389185
20260933,285,0.2106916759884241,-0.6763526221693366,-426006921598.9597,-0.1015625,False,False,0.000239420799772,0.0452312862323017
20260933,518,0.372067037420774,-0.4293788037768381,-426006921598.9634,-0.105224609375,False,False,0.0002462262500457,0.0465169693039489
20260933,519,0.3723132636708198,-0.4290914917524928,-426006921598.9625,-0.1043701171875,False,False,0.0002355097934588,0.0444924204103707
20260933,520,0.3725487734642786,-0.4288168620840644,-426006921598.9633,-0.10516357421875,False,False,0.0014750821755953,0.2786719623526383
20260933,556,0.3991652789250725,-0.3988472425025338,-426006921598.9598,-0.10162353515625,False,False,0.0002446893986972,0.0462266279330033
20260933,557,0.3994099683237697,-0.3985811003717172,-426006921598.9612,-0.10302734375,False,False,0.0022046002022019,0.4164922298669049
20260933,674,0.4926756193020826,-0.3074389288242519,-426006921598.9589,-0.10076904296875,False,False,0.0002389159904414,0.045135917845971
20260933,675,0.492914535292524,-0.307228374979257,-426006921598.9596,-0.1014404296875,False,False,0.0002348661757931,0.0443708284062925
20260933,705,0.5158689100177947,-0.2874606450566709,-426006921598.9615,-0.10333251953125,False,False,0.000242425062682,0.0457988504361059
20260933,764,0.5566405663254368,-0.2544251467455825,-426006921598.958,-0.09979248046875,False,False,0.0002330620816074,0.04402999962041
20260933,765,0.5568736284070442,-0.254243348295343,-426006921598.9596,-0.1014404296875,False,False,0.0002552572054262,0.0482230939520945
20260933,768,0.5612792241206974,-0.2508210329927402,-426006921598.9591,-0.10089111328125,False,False,0.0014659002835959,0.2769373228159887
20260933,845,0.6186521080595198,-0.2085535028753048,-426006921598.95605,-0.097900390625,False,False,0.0002417851132137,0.0456779514264847
20260933,846,0.6188938931727335,-0.2083838026109,-426006921598.95856,-0.10040283203125,False,False,0.0002464097926988,0.0465516441120171
20260933,847,0.6191403029654323,-0.2082109246483963,-426006921598.9641,-0.10595703125,False,False,0.0001453457854825,0.0274586703915353
20260933,1127,0.809325729839907,-0.0918766524285715,-426006921598.9572,-0.0989990234375,False,False,0.0001513438343707,0.0285918195012088
20260933,1128,0.8094770736742778,-0.0917954469943011,-426006921598.96246,-0.10430908203125,False,False,0.0018045358572074,0.3409122263040802
20260933,1135,0.8144518273893946,-0.0891345979333302,-426006921598.9616,-0.10345458984375,False,False,0.0002450576273838,0.0462961935561062
20260933,1136,0.8146968850167784,-0.0890039442056338,-426006921598.96326,-0.1051025390625,False,False,0.0002433022890377,0.0459645757048648
20260933,1173,0.8496081489888423,-0.0707813307212751,-426006921598.9525,-0.0943603515625,False,False,0.0001673722305945,0.0316198980062305
20260933,1174,0.8497755212194369,-0.0706957834282412,-426006921598.9562,-0.0980224609375,False,False,0.0017913624226972,0.3384235060777786
20260933,1216,0.8813472020472699,-0.0548529698759415,-426006921598.9619,-0.103759765625,False,False,0.0002445948167082,0.04620875953969
20260933,1217,0.8815917968639781,-0.0547324595463773,-426006921598.9645,-0.1063232421875,False,False,0.0002364019353104,0.0446609635089285
20260933,1245,0.9028313271234394,-0.0443933798547992,-426006921598.963,-0.1048583984375,False,False,0.0002429855837129,0.0459047438556127
20260933,1246,0.9030743127071524,-0.0442765107377226,-426006921598.9645,-0.1063232421875,False,False,0.0014979091580498,0.2829844271769094
20260933,1335,0.9755685486918187,-0.0107422093318282,-426006921598.9536,-0.09539794921875,False,False,0.0014851257355255,0.2805693878663067
20260933,1357,0.9912096525694688,-0.0038344773773067,-426006921598.952,-0.09381103515625,False,False,0.0002449705167482,0.0462797366480341
20260933,1358,0.9914546230862172,-0.0037271578018239,-426006921598.9533,-0.09515380859375,False,False,0.0001585072941454,0.0299451375913299
20260933,1482,1.0764159863348874,0.0319801390410592,-426006921598.9472,-0.08905029296875,False,False,0.0004861620942635,0.0918455575366227
20260933,1483,1.076902148429151,0.0321762433834952,-426006921598.96136,-0.10321044921875,False,False,0.0002432686867497,0.0459582275734122
20260933,1521,1.0998528990027518,0.0413346038642335,-426006921598.9644,-0.10626220703125,False,False,0.0002418836454849,0.0456965661056078
20260933,1672,1.2145970303730858,0.0844322149602983,-426006921598.9629,-0.104736328125,False,False,0.0002424574503501,0.0458049691020186
20260933,1790,1.2905269411462577,0.1107670753417442,-426006921598.9645,-0.1063232421875,False,False,0.0002431162215674,0.0459294239092957
20260933,1856,1.338378767456483,0.1265790381981891,-426006921598.9578,-0.09967041015625,False,False,0.0002442794094119,0.0461491729135012
20260933,1857,1.3386230468658953,0.1266582979127526,-426006921598.9559,-0.09771728515625,False,False,0.0002441406132458,0.0461229515947039
20260933,1858,1.3388671874791411,0.1267374981429346,-426006921598.96094,-0.102783203125,False,False,0.0001997626410186,0.0377390819972012
20260933,1897,1.3642565425603697,0.1348960452047183,-426006921598.9617,-0.10357666015625,False,False,0.0014669068179191,0.2771274768966686
20260933,1902,1.368651757710004,0.1362929594969305,-426006921598.95807,-0.09991455078125,False,False,0.0002446487814786,0.0462189545435497
20260933,1903,1.3688964064914826,0.1363705834214867,-426006921598.959,-0.100830078125,False,False,0.0009798081848804,0.1851049888116183
20260933,2069,1.4892544284150038,0.1729689001815522,-426006921598.9568,-0.0986328125,False,False,0.0019571373105238,0.3697416346971313
20260933,2155,1.551757599574099,0.1908238809754396,-426006921598.9619,-0.103759765625,False,False,0.0002431091232284,0.0459280828937923
20260933,2406,1.7385243371599874,0.2401807746398165,-426006921598.9623,-0.1041259765625,False,False,0.0002421108306251,0.0457394858357082
20260933,2407,1.7387664479906126,0.2402412512605055,-426006921598.9616,-0.10345458984375,False,False,0.0002470218764716,0.0466672787450607
20260933,2408,1.7390134698670845,0.2403029459281241,-426006921598.9622,-0.10406494140625,False,False,0.0002353194542412,0.0444564615979425
20260933,2617,1.880614632306832,0.2742998108565217,-426006921598.9544,-0.09619140625,False,False,0.0001712454144224,0.0323516184186432
20260933,2618,1.8807858777212545,0.2743393551371098,-426006921598.95984,-0.1016845703125,False,False,0.0015431516088697,0.2915316137406314
20260933,2731,1.959960359414564,0.2922472877536145,-426006921598.9605,-0.10235595703125,False,False,0.0002444023772369,0.0461724039481346
20260933,2795,2.013183447560384,0.3038833509607765,-426006921598.9644,-0.10626220703125,False,False,0.0002431449607271,0.0459348533003952
20260933,2847,2.045653821933617,0.3108321416223441,-426006921598.9615,-0.10333251953125,False,False,0.0002439946231636,0.0460953712040135
20260933,2848,2.0458978165567805,0.310883938851338,-426006921598.96,-0.101806640625,False,False,0.0002261782431798,0.0427295074885947
20260933,2896,2.0783690724637376,0.3177226711816696,-426006921598.9639,-0.105712890625,False,False,0.0002400214103595,0.045344753355543
20260933,2916,2.096432288447186,0.3214808399193439,-426006921598.963,-0.1048583984375,False,False,0.0002470033124675,0.04666377164048
20260933,2966,2.133056592687775,0.3290023779838744,-426006921598.9517,-0.09356689453125,False,False,0.0002400558027044,0.0453512507442456
20260933,2967,2.13329664849048,0.3290512510633781,-426006921598.9505,-0.09234619140625,False,False,0.0002288719103704,0.0432383940674973
20260933,2968,2.13352552040085,0.3290978420877505,-426006921598.956,-0.09783935546875,False,False,0.0014881429486344,0.2811393986167638
20260933,3029,2.1838358466057404,0.3392199904463333,-426006921598.9562,-0.0980224609375,False,False,0.0002429483329171,0.0458977064494727
20260933,3030,2.184078794938657,0.3392683023430352,-426006921598.9584,-0.1002197265625,False,False,0.000238818248226,0.0451174524238986
20260933,3185,2.3012687353265857,0.3619673372495317,-426006921598.9589,-0.10076904296875,False,False,0.0002428049632294,0.0458706211027253
20260933,3186,2.301511540289815,0.3620131568844014,-426006921598.9572,-0.09906005859375,False,False,0.0002454065216994,0.0463621065372319
20260933,3187,2.3017569468115147,0.3620594625468223,-426006921598.9621,-0.10394287109375,False,False,0.0001540138242059,0.0290962329631526
20260933,3190,2.306395818758308,0.3629338420527838,-426006921598.9591,-0.1009521484375,False,False,0.0002441155741426,0.0461182212168649
20260933,3191,2.30663993433245,0.3629798065987228,-426006921598.9544,-0.09619140625,False,False,0.0002441842041829,0.0461311867779218
20260933,3192,2.306884118536633,0.3630257792007201,-426006921598.9565,-0.098388671875,False,False,0.0002431307003316,0.0459321592319072
20260933,3193,2.3071272492369648,0.3630715486248574,-426006921598.96,-0.101806640625,False,False,0.0012308480881211,0.2325313516423324
20260933,3348,2.3752439973048096,0.3757082292199042,-426006921598.9629,-0.104736328125,False,False,0.0002441269245396,0.0461203655295523
20260933,3349,2.3754881242293493,0.3757528635935513,-426006921598.955,-0.09686279296875,False,False,0.0002441302712723,0.0461209977930124
20260933,3350,2.3757322545006216,0.3757974939921946,-426006921598.9552,-0.09698486328125,False,False,0.0002439858097522,0.0460937061777037
20260933,3351,2.375976240310374,0.3758420933993539,-426006921598.9629,-0.104736328125,False,False,0.0002443555745248,0.0461635619975951
20260933,3363,2.380370003805549,0.376644468872286,-426006921598.9562,-0.09808349609375,False,False,0.0002168012200733,0.0409580038575902
20260933,3364,2.3805868050256223,0.3766840220870676,-426006921598.9622,-0.10406494140625,False,False,0.0010071949524554,0.1902788865028177
20260933,3412,2.397704747060144,0.3797957031093147,-426006921598.9648,-0.10662841796875,False,False,0.0002444680457269,0.0461848100142304
20260933,3413,2.3979492151058706,0.3798399811678196,-426006921598.957,-0.098876953125,False,False,0.0002438255592736,0.0460634317183575
20260933,3414,2.398193040665144,0.3798841383630751,-426006921598.95496,-0.0968017578125,False,False,0.0002444593035573,0.0461831584468715
20260933,3415,2.398437499968701,0.3799284058236508,-426006921598.95184,-0.09368896484375,False,False,0.0002440137588566,0.0460989863118468
20260933,3416,2.398681513727558,0.3799725881042107,-426006921598.9513,-0.0931396484375,False,False,0.0002436339417171,0.046027231402625
20260933,3417,2.3989251476692752,0.3800166971294188,-426006921598.9556,-0.09747314453125,False,False,0.0002447411798058,0.0462364104003069
20260933,3418,2.399169888849081,0.3800610021059428,-426006921598.96136,-0.10321044921875,False,False,0.0002416536656122,0.0456531183957191
20260933,3488,2.420409985346475,0.3838889359361169,-426006921598.9592,-0.10101318359375,False,False,0.0002442304352063,0.0461399207252507
20260933,3489,2.4206542157816813,0.3839327560244306,-426006921598.95184,-0.09368896484375,False,False,0.0002440336405786,0.0461027423591974
20260933,3490,2.42089824942226,0.3839765363880034,-426006921598.94885,-0.0906982421875,False,False,0.0002443252674204,0.0461578363909875
20260933,3491,2.4211425746896804,0.3840203646494224,-426006921598.9485,-0.09033203125,False,False,0.0002440683346973,0.0461092967588757
20260933,3492,2.421386643024378,0.3840641424053391,-426006921598.9533,-0.09515380859375,False,False,0.0002442107081312,0.0461361938937451
20260933,3493,2.421630853732509,0.3841079412820204,-426006921598.96063,-0.10247802734375,False,False,0.0002438799289175,0.0460737032107585
20260933,3494,2.4218747336614266,0.3841516764261445,-426006921598.96185,-0.10369873046875,False,False,0.0004885475799341,0.0922962225802219
20260933,3505,2.4248046154045677,0.3846767500021045,-426006921598.96375,-0.1055908203125,False,False,0.0002439137298804,0.0460800888757889
20260933,3506,2.425048529134448,0.3847204339586614,-426006921598.9556,-0.097412109375,False,False,0.0002440322272825,0.0461024753598281
20260933,3507,2.42529256136173,0.3847641347408652,-426006921598.94885,-0.0906982421875,False,False,0.0002443461894241,0.0461617889679488
20260933,3508,2.4255369075511544,0.3848078873413269,-426006921598.95135,-0.09320068359375,False,False,0.0002443037934165,0.0461537795303545
20260933,3509,2.425781211344571,0.3848516279441397,-426006921598.9588,-0.10064697265625,False,False,0.0002441704123778,0.0461285812353723
20260933,3510,2.426025381756949,0.3848953402648163,-426006921598.9629,-0.104736328125,False,False,0.0002439975013048,0.0460959149413672
20260933,3563,2.4423828124883675,0.3878137350886221,-426006921598.9645,-0.10638427734375,False,False,0.0002439555738886,0.0460879940298792
20260933,3564,2.442626768062256,0.3878571121006465,-426006921598.957,-0.098876953125,False,False,0.0002442383554601,0.046141417016577
20260933,3565,2.4428710064177164,0.3879005350536516,-426006921598.9525,-0.0943603515625,False,False,0.0002441374530208,0.046122354566207
20260933,3566,2.443115143870737,0.387943935728766,-426006921598.9547,-0.0965576171875,False,False,0.0002441742473924,0.0461293057448552
20260933,3567,2.4433593181181297,0.3879873386071311,-426006921598.96106,-0.1029052734375,False,False,0.0002441944308899,0.046133118803517
20260933,3570,2.444335903025441,0.3881608868431849,-426006921598.9475,-0.08935546875,False,False,0.0002440533676537,0.046106469190703
20260933,3571,2.4445799563930946,0.3882042465711891,-426006921598.9451,-0.08697509765625,False,False,0.0002442278269798,0.04613942798009
20260933,3572,2.4448241842200744,0.3882476329612778,-426006921598.9529,-0.0947265625,False,False,0.0002440875219393,0.046112921605324
20260933,3573,2.445068271742014,0.3882909900963978,-426006921598.9477,-0.08953857421875,False,False,0.0002439837929077,0.0460933251562153
20260933,3574,2.4453122555349216,0.388334324480882,-426006921598.941,-0.0828857421875,False,False,0.0002442556289574,0.0461446803191026
20260933,3575,2.445556511163879,0.3883777028158889,-426006921598.9399,-0.08172607421875,False,False,0.0002442375138542,0.0461412580207119
20260933,3576,2.4458007486777333,0.3884210736019485,-426006921598.9367,-0.07855224609375,False,False,0.0002439494521135,0.0460868375064633
20260933,3577,2.446044698129847,0.38846438891195,-426006921598.9429,-0.084716796875,False,False,0.0002443588697067,0.0461641845221046
20260933,3578,2.4462890569995537,0.3885077725869476,-426006921598.9489,-0.09075927734375,False,False,0.0002440229771405,0.04610072782653
20260933,3579,2.4465330799766942,0.3885510923028705,-426006921598.9476,-0.0894775390625,False,False,0.0002438632271113,0.046070547911905
20260933,3580,2.4467769432038056,0.3885943793431191,-426006921598.9465,-0.08837890625,False,False,0.0002445099412851,0.0461927249071036
20260933,3581,2.4470214531450907,0.3886377768473719,-426006921598.9512,-0.093017578125,False,False,0.0002433997097872,0.0459829803957201
20260933,3582,2.447264852854878,0.3886809729925647,-426006921598.9613,-0.1031494140625,False,False,0.0002444574853877,0.0461828149589609
20260933,3584,2.4477534924760542,0.3887676788951171,-426006921598.96295,-0.10479736328125,False,False,0.0002445274968652,0.0461960415006046
20260933,3585,2.4479980199729194,0.3888110622009815,-426006921598.9524,-0.09423828125,False,False,0.0002439566338603,0.0460881942793224
20260933,3586,2.44824197660678,0.3888543399079857,-426006921598.941,-0.08282470703125,False,False,0.0004883896996243,0.0922663958922902
20260933,3587,2.448730366306404,0.388940966883764,-426006921598.93256,-0.07440185546875,False,False,0.0002437045567438,0.0460405719665555
20260933,3588,2.448974070863148,0.3889841869455925,-426006921598.9348,-0.07666015625,False,False,0.0002446777268367,0.0462244228895708
20260933,3589,2.449218748589985,0.3890275752688436,-426006921598.9404,-0.08221435546875,False,False,0.0002424277346255,0.0457993552186639
20260933,3590,2.4494611763246104,0.3890705603297612,-426006921598.9462,-0.08807373046875,False,False,0.000193967508534,0.0366442677771647
20260933,3591,2.4496551438331444,0.3891049498045822,-426006921598.95264,-0.094482421875,False,False,0.001516913768742,0.2865747709848558
20260933,3642,2.465087741572588,0.3918323820321694,-426006921598.9573,-0.09918212890625,False,False,0.000244226953515,0.0461392629654424
20260933,3643,2.465331968526103,0.3918754073422107,-426006921598.9472,-0.0889892578125,False,False,0.0002441570769953,0.0461260619199791
20260933,3644,2.465576125603098,0.3919184160819071,-426006921598.9395,-0.08135986328125,False,False,0.00024410223876,0.0461157019014717
20260933,3645,2.465820227841858,0.3919614109043882,-426006921598.93024,-0.07208251953125,False,False,0.0002442252899932,0.0461389486935447
20260933,3647,2.466552728002272,0.3920904038993817,-426006921598.90704,-0.04888916015625,False,False,0.0002441469018386,0.0461241396332506
20260933,3648,2.4667968749041105,0.392133389562618,-426006921598.9172,-0.05902099609375,False,False,0.0002440723365291,0.0461100527834054
20260933,3649,2.46704094724064,0.3921763578452602,-426006921598.92914,-0.07098388671875,False,False,0.0002440727217125,0.0461101255521142
20260933,3650,2.467285019962352,0.392219321944922,-426006921598.94006,-0.0819091796875,False,False,0.0002442455887576,0.0461427835283867
20260933,3651,2.46752926555111,0.3922623122198852,-426006921598.9527,-0.09454345703125,False,False,0.0002439871396404,0.0460939574196754
20260933,3652,2.4677732526907503,0.3923052527561931,-426006921598.9563,-0.09814453125,False,False,0.0002442879013573,0.0461507772085834
20260933,3653,2.468017540592108,0.3923482419719379,-426006921598.9443,-0.08612060546875,False,False,0.0002441738940692,0.0461292389951806
20260933,3654,2.468261714486177,0.3923912068730004,-426006921598.9268,-0.06866455078125,False,False,0.0002440746232901,0.0461104847974224
20260933,3655,2.468505789109467,0.3924341500588307,-426006921598.9121,-0.05389404296875,False,False,0.0002441945977063,0.0461331503183961
20260933,3656,2.4687499837071734,0.3924771101043543,-426006921598.9072,-0.04901123046875,False,False,0.0002439463752947,0.0460862562350284
20260933,3657,2.468993930082468,0.3925200222385624,-426006921598.90814,-0.04998779296875,False,False,0.0002443487264098,0.0461622682543264
20260933,3658,2.469238278808878,0.392563000899402,-426006921598.9064,-0.04827880859375,False,False,0.0002441014805629,0.046115558663172
20260933,3659,2.469482380289441,0.3926059318256223,-426006921598.9084,-0.05023193359375,False,False,0.0002438080355524,0.0460601211436391
20260933,3660,2.469726188324993,0.3926488069069634,-426006921598.9142,-0.0560302734375,False,False,0.0002443571546368,0.0461638605117596
20260933,3661,2.4699705454796304,0.3926917743074651,-426006921598.9201,-0.06195068359375,False,False,0.0002440850805314,0.0461124603754619
20260933,3662,2.4702146305601618,0.3927346896233484,-426006921598.9252,-0.0670166015625,False,False,0.0002433444985392,0.0459725499077896
20260933,3663,2.470457975058701,0.3927774705082354,-426006921598.92615,-0.0679931640625,False,False,0.0004892865696444,0.0924358322346118
20260933,3664,2.470947261628345,0.3928634761879083,-426006921598.9352,-0.07708740234375,False,False,0.0002430111626479,0.0459095762182573
20260933,3665,2.4711902727909933,0.3929061858075128,-426006921598.9302,-0.072021484375,False,False,0.0002447206429847,0.0462325305918866
20260933,3666,2.471434993433978,0.3929491916269785,-426006921598.9273,-0.06915283203125,False,False,0.0002444506766536,0.046181528655525
20260933,3667,2.471679444110632,0.3929921457529232,-426006921598.9256,-0.06744384765625,False,False,0.0002439609374667,0.0460890073149955
20260933,3668,2.4719234050480985,0.3930350095881707,-426006921598.9253,-0.067138671875,False,False,0.0002444778675605,0.0461866655512844
20260933,3669,2.472167882915659,0.3930779600042255,-426006921598.9305,-0.07232666015625,False,False,0.0002441857008883,0.0461314695349404
20260933,3670,2.4724120686165474,0.3931208548521525,-426006921598.9374,-0.0792236328125,False,False,0.0002366197034904,0.0447021041904742
20260933,3671,2.472648688320038,0.393162416578758,-426006921598.9505,-0.09234619140625,False,False,0.0007412016664671,0.140027536303247
20260933,3675,2.4741255760865237,0.3934217387924468,-426006921598.9611,-0.10296630859375,False,False,0.0002409267404663,0.0455157879742481
20260933,3727,2.488037081962722,0.3958568488370191,-426006921598.95526,-0.09710693359375,False,False,0.0004882164473949,0.0922336651471412
20260933,3728,2.488525298410117,0.3959420601509954,-426006921598.9397,-0.08148193359375,False,False,0.0002442144081893,0.0461368929072993
20260933,3729,2.4887695128183065,0.3959846780685532,-426006921598.9325,-0.0743408203125,False,False,0.0002441466000639,0.0461240826221072
20260933,3730,2.4890136594183705,0.3960272799728948,-426006921598.9231,-0.06494140625,False,False,0.0002441013971541,0.0461155429056066
20260933,3731,2.4892577608155246,0.3960698698121964,-426006921598.9128,-0.05462646484375,False,False,0.0002441844740985,0.0461312377702826
20260933,3732,2.489501945289623,0.3961124699680635,-426006921598.905,-0.046875,False,False,0.0002439054563021,0.0460785258345363
20260933,3733,2.4897458507459254,0.3961550172756899,-426006921598.89545,-0.03729248046875,False,False,0.0002443468960722,0.0461619224676335
20260933,3734,2.4899901976419976,0.3961976374096441,-426006921598.8886,-0.03045654296875,False,False,0.000244158053559,0.0461262464120247
20260933,3735,2.4902343556955566,0.3962402204274668,-426006921598.8836,-0.02545166015625,False,False,0.0002441532935293,0.0461253471490274
20260933,3736,2.490478508989086,0.3962827984403272,-426006921598.8747,-0.01654052734375,False,False,0.0002438790554526,0.0460735381961108
20260933,3737,2.4907223880445386,0.3963253244617862,-426006921598.8689,-0.0107421875,False,False,0.0002444088326454,0.0461736235014346
20260933,3738,2.490966796877184,0.396367938684991,-426006921598.9425,-0.0843505859375,False,False,0.0002441100559167,0.0461171787157358
20260933,3739,2.4912109069331008,0.3964104966412299,-426006921598.85815,0.0,True,False,0.0002440479525249,0.0461054461666361
20260933,3740,2.4914549548856257,0.3964530396020165,-426006921598.859,-0.0008544921875,False,False,0.0002442316619948,0.0461401524896568
20260933,3741,2.491699186547621,0.3964956104156759,-426006921598.87,-0.0118408203125,False,False,0.000244164933532,0.0461275461739081
20260933,3742,2.4919433514811526,0.39653816542743,-426006921598.8738,-0.015625,False,False,0.0002440718285576,0.0461099568176341
20260933,3743,2.4921874233097103,0.3965807000450815,-426006921598.87897,-0.02081298828125,False,False,0.0002441548933322,0.0461256493831922
20260933,3744,2.4924315782030426,0.396623244970965,-426006921598.8848,-0.026611328125,False,False,0.0004883436551095,0.0922576971800923
20260933,3745,2.492919921858152,0.3967083282215091,-426006921598.8805,-0.0223388671875,False,False,0.00024411217586,0.046117579214622
20260933,3746,2.493164034034012,0.3967508532058311,-426006921598.8793,-0.02117919921875,False,False,0.0002440817534887,0.0461118318318343
20260933,3747,2.493408115787501,0.396793368727746,-426006921598.87616,-0.01800537109375,False,False,0.000244208556329,0.0461357873760764
20260933,3748,2.49365232434383,0.3968359021719684,-426006921598.8756,-0.0174560546875,False,False,0.000244155092008,0.0461256869169378
20260933,3749,2.493896479435838,0.3968784221405718,-426006921598.8755,-0.017333984375,False,False,0.0002439827010771,0.0460931188879897
20260933,3750,2.494140462136915,0.3969209079289023,-426006921598.8844,-0.0262451171875,False,False,0.0002442920184559,0.0461515550092933
20260933,3751,2.494384754155371,0.3969634434162751,-426006921598.89374,-0.03558349609375,False,False,0.0002441364764571,0.0461221700741615
20260933,3752,2.4946288906318284,0.3970059476594744,-426006921598.9019,-0.04376220703125,False,False,0.0002440706214574,0.0461097287727249
20260933,3753,2.494872961253286,0.397048436279511,-426006921598.9157,-0.05755615234375,False,False,0.0002429225674767,0.0458928388522844
20260933,3754,2.4951158838207625,0.3970907209153864,-426006921598.9298,-0.0716552734375,False,False,0.0002453863578937,0.0463582971987381
20260933,3755,2.4953612701786563,0.397133430234742,-426006921598.9398,-0.0816650390625,False,False,0.0002427997027494,0.0458696272948391
20260933,3756,2.4956040698814057,0.3971756852150956,-426006921598.9412,-0.0830078125,False,False,0.0001611946530548,0.0304528324121469
20260933,3757,2.495765264534461,0.3972037360138517,-426006921598.9442,-0.0860595703125,False,False,0.0008183415608193,0.1546007757406554
20260933,3758,2.49658360609528,0.3973461143758487,-426006921598.959,-0.100830078125,False,False,0.0004873570662251,0.0920713111841185
20260933,3759,2.497070963161505,0.3974308845506034,-426006921598.9549,-0.09674072265625,False,False,0.0002441229227079,0.0461196095050225
20260933,3760,2.497315086084213,0.397473340715296,-426006921598.95416,-0.09600830078125,False,False,0.0002444327799189,0.0461781476112157
20260933,3761,2.497559518864132,0.3975158466102366,-426006921598.95233,-0.09417724609375,False,False,0.0002437026748562,0.0460402164410797
20260933,3762,2.4978032215389883,0.3975582214016179,-426006921598.9452,-0.0870361328125,False,False,0.0002438782138467,0.0460733792002457
20260933,3763,2.498047099752835,0.3976006225769145,-426006921598.9427,-0.08453369140625,False,False,0.0002447566473007,0.0462393325135363
20260933,3764,2.498291856400136,0.3976431723167739,-426006921598.94336,-0.085205078125,False,False,0.0002435457711094,0.0460105742450258
20260933,3765,2.498535402171245,0.3976855074142644,-426006921598.9469,-0.0887451171875,False,False,0.0002445084764399,0.0461924481691193
20260933,3766,2.498779910647685,0.3977280057060607,-426006921598.9571,-0.09893798828125,False,False,0.0002437145969427,0.0460424687571036
20260933,3808,2.509765001064272,0.3996330587244777,-426006921598.9645,-0.10638427734375,False,False,0.000244634739448,0.0462163017284719
20260933,3809,2.51000963580372,0.3996753887194252,-426006921598.9465,-0.08837890625,False,False,0.0004883213198088,0.0922534776035939
20260933,3810,2.510497957123529,0.3997598723105092,-426006921598.9107,-0.05255126953125,False,False,0.0002441913025226,0.046132527793551
20260933,3811,2.5107421484260515,0.3998021132442502,-426006921598.897,-0.038818359375,False,False,0.0002441729690545,0.0461290642417502
20260933,3812,2.510986321395106,0.3998443468989813,-426006921598.89307,-0.034912109375,False,False,0.0002441183491859,0.0461187454769886
20260933,3813,2.511230439744292,0.3998865670010234,-426006921598.894,-0.03582763671875,False,False,0.0002441028423083,0.0461158159235908
20260933,3814,2.5114745425866003,0.3999287803175083,-426006921598.8978,-0.0396728515625,False,False,0.0002441282028788,0.046120607032909
20260933,3815,2.511718670789479,0.3999709939162958,-426006921598.8982,-0.0400390625,False,False,0.0001677271822497,0.0316869553376292
20260933,3816,2.511886397971729,0.3999999942014481,-426006921598.929,-0.07086181640625,False,False,,
20260957,0,0.0010000226414603,-2.999990167050042,-95097089498.78868,-4.0069122314453125,False,True,0.0014413825591827,0.4872805366607741
20260957,1,0.002441405200643,-2.6123601346347862,-95097089496.65042,-1.86865234375,False,False,0.0024414051731996,0.8253528637654686
20260957,2,0.0048828103738427,-2.311330141411722,-95097089496.3295,-1.5477294921875,False,False,0.000244139991346,0.082535108563326
20260957,3,0.0051269503651887,-2.290140887012298,-95097089496.22037,-1.4385833740234375,False,False,0.0002414138105603,0.0816134831226726
20260957,4,0.0053683641757491,-2.270158030440852,-95097089496.3655,-1.5837249755859375,False,False,0.0012234407729061,0.4136021159659339
20260957,33,0.0205078101615704,-1.6880807114268794,-95097089496.4007,-1.618927001953125,False,False,0.0001704187414172,0.057612557641829
20260957,34,0.0206782289029876,-1.6844866614484326,-95097089496.71126,-1.9294891357421875,False,False,0.0008061574462621,0.2725333607966052
20260957,99,0.0517578124743628,-1.2860240872541415,-95097089496.6128,-1.831024169921875,False,False,0.0002441400443412,0.0825351264791547
20260957,100,0.0520019525187041,-1.2839803495925188,-95097089496.19304,-1.4112701416015625,False,False,0.0002441381549286,0.0825344877354664
20260957,101,0.0522460906736327,-1.2819462001908182,-95097089496.08575,-1.3040008544921875,False,False,0.0001914858253569,0.0647345946767778
20260957,102,0.0524375764989896,-1.280357388252686,-95097089496.53424,-1.7524566650390625,False,False,0.0010292244234073,0.347944427513172
20260957,137,0.0715331982226365,-1.1454923573770386,-95097089496.67384,-1.8920745849609373,False,False,0.0002441442596392,0.0825365515225282
20260957,138,0.0717773424822758,-1.1440126252260825,-95097089496.71329,-1.9315032958984373,False,False,0.0001140243045431,0.0385475902675343
20260957,204,0.1044921869100437,-0.9809161814066014,-95097089496.6118,-1.8300323486328125,False,False,0.0002441396858848,0.0825350052976952
20260957,205,0.1047363265959285,-0.979902662123422,-95097089496.56256,-1.7807769775390625,False,False,0.0002358331847241,0.0797268706234198
20260957,297,0.1479492184157232,-0.8298873247827339,-95097089496.37338,-1.59161376953125,False,False,0.0001504704534341,0.050868746006288
20260957,298,0.1480996888691574,-0.8294458538525257,-95097089496.69733,-1.915557861328125,False,False,0.0005819699522905,0.1967434869153589
20260957,303,0.1528320305705656,-0.8157856166880564,-95097089496.67688,-1.895111083984375,False,False,0.0002152130247504,0.072755922796967
20260957,358,0.1809082008269234,-0.7425417455052882,-95097089496.50504,-1.7232818603515625,False,False,9.255059843329971e-05,0.0312880886379136
20260957,361,0.1831054685436902,-0.7372986850654053,-95097089496.6943,-1.91253662109375,False,False,0.0002439165308396,0.0824595644582681
20260957,362,0.1833493850745298,-0.7367205422574352,-95097089496.7071,-1.9253387451171875,False,False,0.0012209326243443,0.4127541995197122
20260957,365,0.186035151124184,-0.730404988594265,-95097089496.73914,-1.957366943359375,False,False,0.0002440008109167,0.082488056575754
20260957,391,0.2009277075473117,-0.6969601707421124,-95097089496.58632,-1.8045654296875,False,False,0.0001433028214603,0.0484456227816218
20260957,392,0.201071010368772,-0.696650539768361,-95097089496.72452,-1.9427490234375,False,False,0.0008332926474735,0.281706813967977
20260957,543,0.2790527337672346,-0.5543137185183682,-95097089496.64072,-1.8589630126953125,False,False,0.0002441286202918,0.0825312644115303
20260957,544,0.2792968623875265,-0.5539339431226167,-95097089496.4439,-1.6621246337890625,False,False,0.0002165623839743,0.0732120934940246
20260957,596,0.3041992187337359,-0.5168419056678432,-95097089496.10857,-1.3267822265625,False,False,0.0002052811985491,0.0693983231294934
20260957,597,0.304404499932285,-0.5165489317920189,-95097089496.30753,-1.5257415771484375,False,False,0.0010154243609131,0.343279113773047
20260957,624,0.3188476559931923,-0.4964167713785106,-95097089496.63672,-1.8549652099609373,False,False,0.000244140084826,0.082535140165625
20260957,625,0.3190917960780183,-0.4960843614719484,-95097089496.61594,-1.83416748046875,False,False,0.0002441405868043,0.0825353098667756
20260957,661,0.333740233508971,-0.4765914345269113,-95097089496.64992,-1.8681640625,False,False,0.0001527308029193,0.051632890336473
20260957,746,0.3791503906011459,-0.4211884922665392,-95097089496.58269,-1.8009033203125,False,False,0.0001276158974245,0.0431424277942816
20260957,768,0.3945312497520272,-0.4039185918021719,-95097089496.65738,-1.8756103515625,False,False,0.0002441182782155,0.0825277681207914
20260957,788,0.4035644496508378,-0.3940870981350344,-95097089496.45244,-1.670684814453125,False,False,0.0002441441006534,0.0825364977750359
20260957,789,0.4038085937514912,-0.3938244427496426,-95097089496.73782,-1.9560546875,False,False,0.0002104662118594,0.0711511930059518
20260957,790,0.4040190599633507,-0.3935981461724324,-95097089496.6082,-1.8264312744140625,False,False,0.00101023954412,0.3415263103321104
20260957,846,0.4286902250139821,-0.36785641915064,-95097089496.73135,-1.9495849609375,False,False,0.0007531403559439,0.2546101550120824
20260957,940,0.4709472417592593,-0.3270277423322132,-95097089496.67084,-1.8890838623046875,False,False,0.0002211718094152,0.0747703774403836
20260957,944,0.4736328104328679,-0.3245582199329914,-95097089496.67989,-1.8981170654296875,False,False,0.0002332202714032,0.0788435369121989
20260957,1095,0.5449218747384723,-0.2636657579106668,-95097089496.7369,-1.9551239013671875,False,False,0.0002441297177286,0.0825316354161559
20260957,1110,0.5534667968744857,-0.2569084278416604,-95097089496.47946,-1.69769287109375,False,False,0.0002441384324154,0.0825345815439617
20260957,1111,0.5537109353069012,-0.256716899467028,-95097089496.18748,-1.40570068359375,False,False,0.0002441418152527,0.0825357251617929
20260957,1112,0.553955077122154,-0.2565254528690582,-95097089496.58817,-1.8063812255859373,False,False,0.0009765913066313,0.3301510296221077
20260957,1134,0.5664062386986946,-0.2468719717422003,-95097089496.64304,-1.8612823486328125,False,False,0.0002438688392387,0.0824434416123928
20260957,1179,0.5883789056391362,-0.230342905843797,-95097089495.80524,-1.023468017578125,False,False,0.0002441411667992,0.0825355059425621
20260957,1180,0.5886230468059355,-0.2301627376412774,-95097089495.92651,-1.1447601318359375,False,False,0.0002441397263694,0.082535018984128
20260957,1181,0.588867186532305,-0.2299826452133438,-95097089496.60126,-1.819488525390625,False,False,0.0007324401687227,0.2476121527996594
20260957,1225,0.6123046869885833,-0.2130324161718323,-95097089496.38998,-1.60821533203125,False,False,0.000235507191864,0.0796166639507894
20260957,1226,0.6125401941804474,-0.212865408125821,-95097089496.56912,-1.787353515625,False,False,0.0009852081922321,0.3330640943134818
20260957,1229,0.6149902295777311,-0.2111317838574019,-95097089496.66138,-1.879608154296875,False,False,0.0012207099028184,0.4126789052378461
20260957,1254,0.628570714638746,-0.2016458568008884,-95097089496.64676,-1.8650054931640625,False,False,0.0008238180718507,0.2785037945719699
20260957,1258,0.6311035131549503,-0.1998994022375801,-95097089496.669,-1.8872222900390625,False,False,0.0002441427382402,0.0825360371912566
20260957,1259,0.6313476558931905,-0.1997314276688429,-95097089496.67282,-1.89105224609375,False,False,0.0007324271982531,0.2476077679419816
20260957,1285,0.6433105466661728,-0.1915793285601867,-95097089496.61047,-1.828704833984375,False,False,0.000121484156254,0.0410695026647193
20260957,1286,0.6434320308224268,-0.1914973231928668,-95097089496.68016,-1.89837646484375,False,False,0.0010992196322963,0.371607335555028
20260957,1394,0.6958007634507359,-0.1575150990689416,-95097089496.41936,-1.6375885009765625,False,False,0.0001680724123558,0.0568193466535737
20260957,1395,0.6959688358630918,-0.1574102068200562,-95097089496.56186,-1.78009033203125,False,False,0.0008085096371255,0.2733285534530839
20260957,1470,0.7314453101796783,-0.1358181403180327,-95097089496.68031,-1.8985443115234373,False,False,0.0001706763960553,0.0576996615751688
20260957,1477,0.7346191394207595,-0.1339377609396205,-95097089496.64276,-1.860992431640625,False,False,0.0002408944044869,0.0814378902735739
20260957,1478,0.7348600338252465,-0.1337953715632592,-95097089496.64854,-1.8667755126953125,False,False,0.0009798176276996,0.3312417348284309
20260957,1496,0.7436523362046623,-0.1286300533742431,-95097089496.58565,-1.803863525390625,False,False,0.0009765750872892,0.3301455464353796
20260957,1620,0.8044433591294707,-0.0945045291702994,-95097089496.65508,-1.873321533203125,False,False,0.0001884377021167,0.0637041318625551
20260957,1650,0.8225097654373474,-0.0848589370857368,-95097089496.44077,-1.6589813232421875,False,False,0.0002441364274552,0.0825339037377298
20260957,1651,0.8227539018648027,-0.0847300494111825,-95097089496.38272,-1.6009521484375,False,False,0.0001174206048246,0.0396957594425433
20260957,1652,0.8228713224696274,-0.0846680728200735,-95097089496.6203,-1.838531494140625,False,False,0.0011033084232157,0.3729896113573854
20260957,1673,0.8347167893484273,-0.0784608510871773,-95097089496.71768,-1.9359130859375,False,False,0.0002441242239403,0.0825297781603563
20260957,1674,0.8349609135723677,-0.0783338543572979,-95097089496.71176,-1.92999267578125,False,False,0.0009766022036812,0.3301547135298279
20260957,1679,0.837890624033255,-0.0768126692921886,-95097089496.66504,-1.883270263671875,False,False,0.0002441127969378,0.0825259150943663
20260957,1680,0.8381347368301928,-0.0766861594625675,-95097089496.72417,-1.9423980712890625,False,False,0.0007324829089982,0.2476266017773232
20260957,1763,0.8850097624552395,-0.0530519386162356,-95097089495.97163,-1.18988037109375,False,False,0.0001313831072988,0.0444159884028663
20260957,1764,0.8851411455625384,-0.0529874707131189,-95097089496.2512,-1.46942138671875,False,False,0.0010893301628933,0.3682640552251411
20260957,1855,0.932617186668723,-0.0302965854431687,-95097089496.72118,-1.9394073486328125,False,False,0.0003451652801274,0.1166881906997023
20260957,1884,0.9489746091148306,-0.0227454074555734,-95097089496.52612,-1.7443389892578125,False,False,0.0002441330166431,0.0825327506626292
20260957,1885,0.9492187421314736,-0.0226336953136111,-95097089496.59853,-1.8167572021484373,False,False,0.0004883248773566,0.1650853944271725
20260957,2034,1.0199556820213624,0.0085813016916076,-95097089496.44556,-1.6638031005859375,False,False,0.0010404153109213,0.351727671343048
20260957,2038,1.0229492150336,0.0098540734207182,-95097089496.70853,-1.9267578125,False,False,0.0002441150823384,0.0825266877076093
20260957,2264,1.1427479020803923,0.0579504326603441,-95097089496.72772,-1.945953369140625,False,False,0.0010509385638097,0.3552852114854736
20260957,2351,1.1843261703911707,0.0734713261141664,-95097089496.57526,-1.793487548828125,False,False,0.000244135963008,0.0825337467245526
20260957,2352,1.1845703063541788,0.0735608419735421,-95097089496.69438,-1.9126129150390625,False,False,0.0009765805590098,0.3301473962308756
20260957,2394,1.2072753900072757,0.0818063477432091,-95097089496.51083,-1.7290802001953125,False,False,0.0002441320251969,0.082532415489665
20260957,2395,1.2075195220324724,0.0818941607423433,-95097089496.63846,-1.856689453125,False,False,0.0009765860653085,0.3301492577160122
20260957,2439,1.2312011696012743,0.090329019389324,-95097089496.44595,-1.6641845703125,False,False,0.0002441400443415,0.0825351264792626
20260957,2440,1.231445309645616,0.0904151289266125,-95097089496.44849,-1.6667022705078125,False,False,0.0009765674950599,0.3301429797707983
20260957,2448,1.2351074216972528,0.0917047313782927,-95097089496.70303,-1.9212799072265625,False,False,0.0001040363465876,0.0351710144364342
20260957,2451,1.2375488134914847,0.0925623381202704,-95097089496.66,-1.87823486328125,False,False,0.0002441459996234,0.082537139749719
20260957,2452,1.237792959491108,0.0926480081169685,-95097089496.67288,-1.8910980224609373,False,False,0.0001339770043413,0.0452928933819473
20260957,2484,1.2568359355669352,0.0992785895966121,-95097089496.711,-1.929229736328125,False,False,0.0002441372444519,0.0825341799354569
20260957,2485,1.2570800728113871,0.0993629420237199,-95097089496.58104,-1.799285888671875,False,False,0.0001768395314685,0.0597831999893737
20260957,2512,1.2739257778810902,0.1051441256479314,-95097089496.09328,-1.3115081787109375,False,False,0.0001593310472214,0.0538641998282548
20260957,2513,1.2740851089283116,0.1051984398543993,-95097089496.19246,-1.4106903076171875,False,False,0.0010613771406338,0.3588141256411118
20260957,2588,1.316650390310698,0.1194704722167161,-95097089496.26231,-1.4805450439453125,False,False,0.0001636324950771,0.0553183674301739
20260957,2589,1.316814022805775,0.1195244427123184,-95097089496.41112,-1.6293487548828125,False,False,0.0008129349344774,0.2748245901955693
20260957,2607,1.3281249986595551,0.1232389512920825,-95097089496.72888,-1.947113037109375,False,False,0.0002441419337535,0.0825357652227163
20260957,2608,1.328369140593309,0.1233187779277691,-95097089496.7307,-1.9489288330078125,False,False,0.0001068877238195,0.03613496437389
20260957,2647,1.3493652292041929,0.1301295149497715,-95097089496.7133,-1.9315338134765625,False,False,0.0002441446681378,0.0825366896214668
20260957,2656,1.3532714772593226,0.13138492834111,-95097089496.05518,-1.273406982421875,False,False,0.0002441476145023,0.08253768568324
20260957,2657,1.353515624873825,0.1314632735954909,-95097089496.14368,-1.3619232177734375,False,False,0.0001215472627107,0.0410908367289514
20260957,2658,1.3536371721365357,0.1315022719893603,-95097089496.6462,-1.86444091796875,False,False,0.0008550255796628,0.289053950779754
20260957,2678,1.362060537444274,0.1341964104355976,-95097089496.58556,-1.803802490234375,False,False,0.0001846565053058,0.0624258427647108
20260957,2679,1.36224519394958,0.1342552843721757,-95097089496.6214,-1.8396453857421875,False,False,0.0010360563188565,0.3502540500763472
20260957,2762,1.4069824218589415,0.148288671608625,-95097089496.40169,-1.6199188232421875,False,False,0.0002441386819282,0.0825346658954457
20260957,2763,1.40722656054087,0.1483640235695559,-95097089496.18788,-1.4061126708984375,False,False,0.0002420203341317,0.0818185273210325
20260957,2764,1.4074685808750018,0.1484387088129659,-95097089496.40024,-1.6184844970703125,False,False,0.0009787043100675,0.3308653614570592
20260957,2905,1.4851074191915612,0.1717578677104227,-95097089496.7264,-1.94464111328125,False,False,0.0002040088487955,0.068968186614532
20260957,3045,1.5544433553477826,0.1915749007709069,-95097089496.58942,-1.807647705078125,False,False,0.0002441374844075,0.0825342610559743
20260957,3046,1.55468749283219,0.191643104759545,-95097089496.42789,-1.6461181640625,False,False,0.0001331170230121,0.0450021640672555
20260957,3047,1.5548206098552022,0.1916802887685057,-95097089496.6138,-1.83203125,False,False,0.0008434532314529,0.2851417485609672
20260957,3097,1.5803222614262438,0.1987456578962796,-95097089496.65028,-1.8685150146484373,False,False,0.0002441288197623,0.0825313318454412
20260957,3244,1.65598976764715,0.2190576489536265,-95097089496.69542,-1.9136505126953125,False,False,0.0012367995546511,0.4181182482698536
20260957,3312,1.695800764998494,0.2293748268449593,-95097089496.4573,-1.675537109375,False,False,0.0002441500404717,0.0825385058178226
20260957,3313,1.6960449150389656,0.2294373491561249,-95097089496.3775,-1.595733642578125,False,False,0.0012207403490522,0.4126891980342198
20260957,3322,1.702715039476474,0.2311419720153876,-95097089496.68108,-1.899322509765625,False,False,0.0008982445208634,0.3036647483975903
20260957,3478,1.7851562499698788,0.2516762347506727,-95097089496.65907,-1.8773193359375,False,False,0.0004882809086326,0.1650705301544725
20260957,3479,1.7856445308785114,0.2517950079438998,-95097089496.02255,-1.24078369140625,False,False,0.000174683404279,0.0590542895364937
20260957,3480,1.7858192142827904,0.2518374913871221,-95097089496.35216,-1.5703887939453125,False,False,0.0008018973887795,0.2710931858180084
20260957,3491,1.7910156205061538,0.2530993736044999,-95097089496.68134,-1.899566650390625,False,False,0.0002441354485189,0.0825335727939525
20260957,3510,1.8017578077710252,0.2556964127153984,-95097089496.49124,-1.70947265625,False,False,8.278077573886655e-05,0.027985256634505
20260957,3511,1.8018405885467643,0.255716365679166,-95097089496.63,-1.8482208251953125,False,False,0.0011379319549431,0.3846946046041534
20260957,3696,1.893798828107343,0.2773338434723618,-95097089496.45448,-1.6727142333984375,False,False,0.0002441396078685,0.0825349789231296
20260957,3697,1.8940429677152115,0.2773898270589915,-95097089496.36096,-1.579193115234375,False,False,0.0002441341420544,0.0825331311244492
20260957,3698,1.894287101857266,0.2774458021767548,-95097089496.64651,-1.86474609375,False,False,0.0009765988488179,0.3301535793690409
20260957,3736,1.9143066403958588,0.2820115058364786,-95097089496.69176,-1.9099884033203125,False,False,0.0002441335340854,0.0825329255915996
20260957,3737,1.9145507739299443,0.2820668883359406,-95097089496.59164,-1.8098602294921875,False,False,0.0002440500584948,0.082504705442579
20260957,3961,2.0183105003151725,0.3049879796413822,-95097089496.59816,-1.8163909912109373,False,False,0.001220756724428,0.4126947339704076
20260957,3999,2.0380859330690617,0.3092224914814561,-95097089496.55124,-1.76947021484375,False,False,0.0002441266653736,0.0825306035227212
20260957,4055,2.0661621055453145,0.3151643921022782,-95097089496.73976,-1.9579925537109373,False,False,0.0002342963925898,0.079207335479073
20260957,4080,2.08251953119981,0.3185890831892819,-95097089496.71742,-1.9356536865234373,False,False,0.0001415196117768,0.0478427825668729
20260957,4128,2.1088867178939523,0.3240532515674148,-95097089496.46536,-1.68359375,False,False,0.0012207120292329,0.4126796241034843
20260957,4131,2.111572265621386,0.3246059491393526,-95097089496.6474,-1.865631103515625,False,False,0.0001672707451434,0.0565483312822632
20260957,4220,2.1621262073656515,0.3348810409414042,-95097089496.47888,-1.697113037109375,False,False,0.0009597398249354,0.3244541388196195
20260957,4225,2.1647949211872373,0.3354167603589871,-95097089496.68484,-1.903076171875,False,False,0.0002441413007634,0.0825355512311177
20260957,4407,2.259765547450081,0.3540633830719385,-95097089496.714,-1.932220458984375,False,False,0.0021973271628983,0.7428387088043086
20260957,4548,2.3310546809764103,0.3675524611515446,-95097089496.57504,-1.79327392578125,False,False,0.0001308701894133,0.0442425889809599
20260957,4624,2.372558592061853,0.3752169464501996,-95097089496.40286,-1.62109375,False,False,0.000244134616059,0.0825332913686682
20260957,4625,2.3728027266779126,0.3752616327489102,-95097089496.57742,-1.795654296875,False,False,0.0002441349310768,0.0825333978650571
20260957,4757,2.4191894477387885,0.3836698794763661,-95097089496.5933,-1.8115386962890625,False,False,0.0002441456441197,0.0825370195664985
20260957,4802,2.433837889475566,0.3862916478254939,-95097089496.4559,-1.67413330078125,False,False,0.0001501073730723,0.0507460013591965
20260957,4803,2.4339879968486384,0.3863184321868746,-95097089496.65262,-1.870849609375,False,False,0.0008264616809183,0.2793975054310343
20260957,4833,2.4426269516684305,0.3878571447454805,-95097089496.69856,-1.9167938232421875,False,False,0.0002441405838515,0.0825353088685366
20260957,4834,2.442871092252282,0.3879005503133512,-95097089496.65887,-1.8771209716796875,False,False,0.0002441337710874,0.0825330057135965
20260957,4887,2.4592285146453943,0.3907988858100914,-95097089496.49854,-1.716766357421875,False,False,0.0002441388284029,0.0825347154133382
20260957,4888,2.459472653473797,0.3908419980636953,-95097089496.58965,-1.807861328125,False,False,0.00024414291269,0.0825360961665687
20260957,4899,2.462158203103153,0.3913159545771564,-95097089496.5925,-1.81072998046875,False,False,0.0002441405338089,0.0825352919508885
20260957,4900,2.4624023436369624,0.3913590158354038,-95097089496.44214,-1.660369873046875,False,False,0.0002441394113517,0.0825349124877391
20260957,4901,2.462646483048314,0.3914020726265071,-95097089496.39854,-1.6167755126953125,False,False,0.0002441376529498,0.0825343180341704
20260957,4902,2.462890620701264,0.3914451248392321,-95097089496.72656,-1.944793701171875,False,False,0.0002441444966421,0.0825366316448253
20260957,4907,2.464111327040192,0.391660325094272,-95097089496.43036,-1.6486053466796875,False,False,0.0002441390933793,0.0825348049925294
20260957,4908,2.464355466133571,0.3917033519687983,-95097089496.51472,-1.732940673828125,False,False,0.0002441431872242,0.0825361889768767
20260957,4914,2.465820312460892,0.3919614258079802,-95097089496.56416,-1.7823944091796875,False,False,0.0002441350805058,0.0825334483816953
20260957,4915,2.466064447541397,0.3920044221566578,-95097089496.30202,-1.5202484130859375,False,False,0.0002441458281263,0.0825370817726271
20260957,4916,2.466308593369524,0.392047416141558,-95097089496.30428,-1.52252197265625,False,False,0.0002441389093732,0.082534742786551
20260957,4917,2.466552732278897,0.3920904046523819,-95097089496.54346,-1.761688232421875,False,False,0.0002441421957772,0.0825358538036873
20260957,4918,2.4667968744746744,0.3921333894870132,-95097089496.71872,-1.9369659423828125,False,False,0.0002441352520019,0.0825335063584869
20260957,4974,2.4826660152201736,0.3949182992956535,-95097089496.46938,-1.6876068115234375,False,False,0.0002441370074497,0.082534099813385
20260957,4975,2.482910152227624,0.3949610042514023,-95097089496.46994,-1.68817138671875,False,False,0.0002441444811767,0.0825366264165175
20260957,4981,2.4843749993498725,0.3952171502229153,-95097089496.68391,-1.9021453857421875,False,False,0.0002441410482987,0.0825354658817138
20260957,4982,2.484619140398171,0.3952598265099808,-95097089496.13425,-1.35247802734375,False,False,0.0002441408488267,0.0825353984472774
20260957,4983,2.484863281246998,0.3953024985689768,-95097089496.07845,-1.296661376953125,False,False,0.0002441400193204,0.0825351180205136
20260957,4984,2.4851074212663185,0.3953451662906333,-95097089496.1631,-1.3813323974609375,False,False,0.0002441403593596,0.0825352329757265
20260957,4985,2.485351561625678,0.3953878298801851,-95097089496.51846,-1.7366943359375,False,False,0.0002441388843519,0.082534734327727
20260957,4988,2.486083984178068,0.3955157957654088,-95097089496.6308,-1.8490447998046875,False,False,0.0002441406523097,0.0825353320118119
20260957,4989,2.486328124830377,0.3955584426481962,-95097089496.31036,-1.5285797119140625,False,False,0.0002441398573806,0.0825350632743883
20260957,4990,2.486572264687758,0.3956010852047137,-95097089496.12833,-1.3465576171875,False,False,0.0002441408238076,0.0825353899892041
20260957,4991,2.486816405511566,0.3956437237434258,-95097089496.14227,-1.360504150390625,False,False,0.0002441412352571,0.0825355290857624
20260957,4992,2.487060546746823,0.3956863581681935,-95097089495.89143,-1.1096649169921875,False,False,0.0002441405463202,0.0825352961805257
20260957,4993,2.4873046872931432,0.395728988287685,-95097089495.78488,-1.00311279296875,False,False,0.0002441405993147,0.0825353140960937
20260957,4994,2.487548827892458,0.3957716142322892,-95097089496.2244,-1.4426422119140625,False,False,0.0002441402283479,0.0825351886853161
20260957,4995,2.487792968120806,0.3958142359288135,-95097089496.45006,-1.6682891845703125,False,False,0.0002441406398001,0.0825353277827752
20260957,4996,2.488037108760606,0.3958568535146717,-95097089496.3294,-1.5476226806640625,False,False,0.0002441406118252,0.0825353183254307
20260957,4997,2.488281249372432,0.3958994669139676,-95097089496.3251,-1.5433349609375,False,False,0.0002441412448153,0.0825355323170292
20260957,4998,2.488525390617246,0.3959420762428739,-95097089496.38106,-1.5992889404296875,False,False,0.0002441405617839,0.082535301408233
20260957,4999,2.4887695311790305,0.3959846812725306,-95097089496.3959,-1.6141357421875,False,False,0.000244140624336,0.0825353225549178
20260957,5000,2.489013671803366,0.3960272821338855,-95097089496.20856,-1.4268035888671875,False,False,0.0002441405058339,0.082535282493544
20260957,5001,2.4892578123092006,0.3960698787961673,-95097089496.04971,-1.2679443359375,False,False,0.0002441400723163,0.082535135936532
20260957,5002,2.489501952381517,0.3961124712052469,-95097089496.13425,-1.3524627685546875,False,False,0.0002441413508056,0.0825355681486156
20260957,5003,2.4897460937323226,0.3961550596605969,-95097089496.20784,-1.4260711669921875,False,False,0.0002441403498023,0.0825352297447599
20260957,5004,2.489990234082125,0.3961976437653905,-95097089496.4422,-1.6604461669921875,False,False,0.0002441376279294,0.0825343095756466
20260957,5005,2.4902343717100544,0.3962402232203799,-95097089496.65424,-1.8724822998046875,False,False,0.0002441439011833,0.0825364303412376
20260957,5066,2.5063476562352816,0.3990413119544191,-95097089496.67876,-1.897003173828125,False,False,0.0002441396763281,0.0825350020669303
20260957,5067,2.5065917959116097,0.3990836138873824,-95097089496.32413,-1.5423431396484375,False,False,0.0002441403748227,0.0825352382032837
20260957,5068,2.5068359362864325,0.399125911821388,-95097089495.78268,-1.00091552734375,False,False,0.0002441388688878,0.0825347290998695
20260957,5069,2.5070800751553204,0.3991682053753358,-95097089495.31572,-0.5339508056640625,False,False,0.0002441430282384,0.082536135229422
20260957,5070,2.507324218183559,0.3992104955313904,-95097089495.32751,-0.5457611083984375,False,False,0.0002441411947731,0.0825355153995313
20260957,5072,2.5078124999246523,0.3992950627439552,-95097089496.10097,-1.3191986083984375,False,False,0.0002441382329441,0.0825345141097505
20260957,5073,2.5080566381575964,0.3993373397191131,-95097089496.39632,-1.61456298828125,False,False,0.0002441427257298,0.0825360329619196
20260957,5074,2.508300780883326,0.3993796133570571,-95097089496.2657,-1.4839324951171875,False,False,0.0002441409577715,0.0825354352776846
20260957,5075,2.508544921841098,0.3994218825744631,-95097089496.23314,-1.4513702392578125,False,False,0.0002441405058353,0.0825352824939944
20260957,5076,2.508789062346933,0.3994641476000369,-95097089496.02383,-1.2420654296875,False,False,0.0002441402813428,0.0825352066010342
20260957,5077,2.509033202628276,0.3995064084739707,-95097089495.79544,-1.013671875,False,False,0.0002441403748236,0.082535238203584
20260957,5078,2.5092773430031,0.3995486652521096,-95097089495.6461,-0.8643341064453125,False,False,0.000244140215837,0.082535184455829
20260957,5079,2.5095214832189368,0.3995909178915572,-95097089495.43022,-0.6484527587890625,False,False,0.0002441415502767,0.0825356355827518
20260957,5080,2.509765624769213,0.3996331666515468,-95097089495.22417,-0.4423980712890625,False,False,0.000244140268832,0.0825352023715472
20260957,5081,2.510009765038045,0.3996754110801972,-95097089494.9689,-0.1871337890625,False,False,0.000244140957772,0.0825354352778347
20260957,5082,2.510253905995817,0.3997176515192651,-95097089494.97856,-0.19677734375,False,False,0.0002441408238063,0.0825353899887537
20260957,5083,2.510498046819624,0.3997598878271594,-95097089495.06367,-0.28192138671875,False,False,0.0002441400038568,0.0825351127928063
20260957,5084,2.5107421868234807,0.399802119886028,-95097089495.13052,-0.3487396240234375,False,False,0.0002441399913459,0.0825351085633192
20260957,5085,2.5109863268148267,0.3998443478363638,-95097089495.1941,-0.4123382568359375,False,False,0.0002441417497474,0.0825357030167378
20260957,5086,2.511230468564574,0.3998865719852292,-95097089494.929,-0.147216796875,False,False,0.0002441401223576,0.0825351528537297
20260957,5087,2.511474608686932,0.3999287917478487,-95097089494.78175,0.0,True,False,0.0002441412852998,0.0825355460034104
20260957,5088,2.5117187499722315,0.3999710076075711,-95097089494.80408,-0.022308349609375,False,False,0.0001676757357098,0.0566852442893539
20260957,5089,2.5118864257079414,0.3999999989969213,-95097089495.59831,-0.816558837890625,False,False,,
20260958,9,0.0043956848360299,-2.3569734533913604,-143861523968.98306,-10.895782470703123,False,True,0.0012200122325691,0.0901770659854445
20260958,505,0.3330078077337013,-0.4775455838633162,-143861523968.29825,-10.210968017578123,False,False,0.0002439780760051,0.0180336118537026
20260958,506,0.3332517858097065,-0.4772275146366141,-143861523968.35532,-10.268035888671877,False,False,0.0002434315257655,0.017993213654646
20260958,1128,0.7441403825213644,-0.1283451268153324,-143861523968.3807,-10.293426513671877,False,False,0.0002443808516836,0.0180633829723567
20260958,1129,0.744384763373048,-0.1282025249162441,-143861523968.43314,-10.345855712890623,False,False,0.0017092307560333,0.1263375977358789
20260958,2008,1.3657212929755749,0.1353620805515637,-143861523968.4033,-10.316009521484377,False,False,0.0019546078159957,0.1444746153303244
20260958,3070,2.062499891464298,0.3143939343679225,-143861523968.40778,-10.32049560546875,False,False,0.0002440563732299,0.0180393991842064
20260958,3071,2.062743947837528,0.3144453215539506,-143861523968.4208,-10.333526611328123,False,False,0.0002424549967727,0.0179210336247514
20260958,3347,2.244628893469585,0.3511445489737408,-143861523968.40485,-10.31756591796875,False,False,0.0002438996878497,0.018027817802074
20260958,3349,2.2453613234160845,0.3512862376062775,-143861523968.43713,-10.349853515625,False,False,0.0017094810983881,0.1263561017626823
20260958,3440,2.291748034878053,0.3601668676246169,-143861523968.12473,-10.037445068359377,False,False,0.0002440843935733,0.0180414703047135
20260958,3441,2.291992119271627,0.360213120030636,-143861523968.1987,-10.111419677734377,False,False,0.000244203982807,0.0180503097293718
20260958,3442,2.292236323254434,0.360259390169056,-143861523968.3163,-10.229034423828123,False,False,0.0002440929886171,0.0180421056064016
20260958,3538,2.335205055372832,0.3683250221641598,-143861523968.18167,-10.094390869140623,False,False,0.000244151983332,0.0180464661940707
20260958,3539,2.335449207356164,0.3683704264494008,-143861523968.13034,-10.043060302734377,False,False,0.0002441509749102,0.0180463916566883
20260958,3540,2.335693358331074,0.3684158258007416,-143861523968.1872,-10.09991455078125,False,False,0.0002441363930474,0.0180453138399489
20260958,3541,2.3359374947241216,0.3684612176956768,-143861523968.3238,-10.23651123046875,False,False,0.0004882865066626,0.0360916418341123
20260958,3542,2.3364257812307843,0.3685519898054974,-143861523968.29755,-10.21026611328125,False,False,0.0002440995152657,0.0180425880228903
20260958,3543,2.33666988074605,0.3685973606176013,-143861523968.31744,-10.23016357421875,False,False,0.0002440955771536,0.0180422969377835
20260958,3544,2.336913976323204,0.3686427259584418,-143861523968.30392,-10.216644287109377,False,False,0.0002442173500476,0.0180512977674502
20260958,3545,2.3371581936732517,0.3686881091890594,-143861523968.32333,-10.236053466796877,False,False,0.00024408227363,0.0180413136093423
20260958,3546,2.3374022759468813,0.3687334625801871,-143861523968.43738,-10.35009765625,False,False,0.0004883203985555,0.0360941469495334
20260958,3587,2.3569335937399023,0.3723473465130382,-143861523968.34842,-10.261138916015623,False,False,0.0002441315177508,0.0180449534829521
20260958,3588,2.357177725257653,0.372392328467828,-143861523968.29678,-10.209503173828123,False,False,0.0002441479102612,0.0180461651335061
20260958,3589,2.3574218731679144,0.3724373087840037,-143861523968.26724,-10.179962158203123,False,False,0.0002441375045698,0.0180453959980034
20260958,3590,2.3576660106724843,0.3724822825252221,-143861523968.25696,-10.169677734375,False,False,0.000244133566456,0.0180451049127654
20260958,3591,2.3579101442389403,0.3725272508842819,-143861523968.19565,-10.108367919921877,False,False,0.0002440805266994,0.0180411844851648
20260958,3592,2.35815422476564,0.3725722048194644,-143861523968.12357,-10.036285400390623,False,False,0.0002442014261294,0.0180501207528412
20260958,3593,2.358398426191769,0.3726171763653303,-143861523968.14783,-10.060546875,False,False,0.0009765730011555,0.0721832827686937
20260958,3594,2.3593749991929247,0.3727969731607224,-143861523967.6975,-9.6102294921875,False,False,0.0002440606646674,0.0180397163853178
20260958,3595,2.359619059857592,0.3728418955313306,-143861523967.719,-9.6317138671875,False,False,0.0002442160201612,0.0180511994690459
20260958,3596,2.3598632758777534,0.3728868418464126,-143861523967.83682,-9.749542236328123,False,False,0.0002439480585065,0.0180313931136936
20260958,3597,2.36010722393626,0.3729317342014724,-143861523967.97952,-9.892242431640623,False,False,0.0004884728084277,0.0361054123079801
20260958,3598,2.360595696744688,0.3730216110903941,-143861523968.27777,-10.19049072265625,False,False,0.000244131247836,0.0180449335322334
20260958,3599,2.360839827992524,0.3730665232165194,-143861523968.41434,-10.327056884765623,False,False,0.0004890705483946,0.0361495941899272
20260958,3648,2.379394531194367,0.3764664590673471,-143861523968.2869,-10.199615478515623,False,False,0.0002441405298378,0.0180456196103477
20260958,3649,2.379638671724205,0.3765110180693501,-143861523968.15945,-10.072174072265623,False,False,0.0002441406132458,0.0180456257754366
20260958,3650,2.379882812337451,0.3765555725152494,-143861523968.0966,-10.009307861328123,False,False,0.0002441390846827,0.0180455127918716
20260958,3651,2.3801269514221337,0.3766001221118469,-143861523968.01627,-9.928985595703123,False,False,0.0002441421099499,0.0180457364041502
20260958,3652,2.380371093532084,0.376644667691004,-143861523967.898,-9.81072998046875,False,False,0.0002441407678936,0.018045637206215
20260958,3653,2.3806152342999773,0.3766892084567596,-143861523967.8785,-9.791229248046877,False,False,0.000488276299646,0.036090887383639
20260958,3654,2.3811035105996234,0.3767782753314257,-143861523967.67273,-9.58544921875,False,False,0.0002441386798093,0.0180454828656951
20260958,3655,2.3813476492794328,0.376822802016527,-143861523967.59262,-9.505340576171877,False,False,0.0007324246860198,0.0541370877089454
20260958,3656,2.3820800739654526,0.3769563562638195,-143861523967.2598,-9.172515869140623,False,False,0.0004882853792098,0.0360915584985664
20260958,3657,2.3825683593446625,0.3770453700282117,-143861523967.16644,-9.07916259765625,False,False,0.0002440799231511,0.0180411398739589
20260958,3658,2.3828124392678136,0.3770898586297906,-143861523967.14328,-9.055999755859377,False,False,0.0002441461117816,0.0180460321990911
20260958,3659,2.3830565853795957,0.3771343547368675,-143861523967.1714,-9.0841064453125,False,False,0.0002441951178475,0.0180496544768994
20260958,3660,2.383300780497443,0.3771788552155941,-143861523967.26007,-9.17279052734375,False,False,0.0002441406329349,0.0180456272307571
20260958,3661,2.383544921130378,0.3772233412075567,-143861523967.35718,-9.2698974609375,False,False,0.0002441410499791,0.0180456580565302
20260958,3662,2.383789062180357,0.377267822719142,-143861523967.43295,-9.345672607421877,False,False,0.000243888774186,0.018027011119854
20260958,3663,2.384032950954543,0.3773122537187169,-143861523967.55994,-9.47265625,False,False,0.0003309267622872,0.0244604141519869
20260958,3664,2.3843638777168303,0.377372533796978,-143861523967.59988,-9.512603759765623,False,False,0.0006463141411989,0.047772236541836
20260958,3665,2.3850101918580293,0.3774902392496107,-143861523967.60236,-9.51507568359375,False,False,0.0017086174257823,0.1262922634998429
20260958,3705,2.401611325645728,0.3805027229729151,-143861523967.89792,-9.810638427734377,False,False,0.0002441340228784,0.0180451386491795
20260958,3706,2.4018554596686066,0.3805468686134747,-143861523967.75677,-9.66949462890625,False,False,0.0002441496965719,0.0180462971684558
20260958,3707,2.4020996093651785,0.3805910126008964,-143861523967.6163,-9.529022216796877,False,False,0.000244140529837,0.018045619610282
20260958,3708,2.4023437498950155,0.3806351504445881,-143861523967.5092,-9.421905517578123,False,False,0.0002441390331338,0.0180455089816341
20260958,3709,2.4025878889281493,0.3806792835324105,-143861523967.4283,-9.341033935546877,False,False,0.0002441419431331,0.0180457240739066
20260958,3710,2.4028320308712825,0.3807234126618372,-143861523967.37643,-9.289154052734377,False,False,0.0002441403433293,0.0180456058245866
20260958,3711,2.403076171214612,0.3807675370185875,-143861523967.31274,-9.2254638671875,False,False,0.0002441201992144,0.0180441168746213
20260958,3712,2.4033202914138263,0.3808116532525917,-143861523967.29834,-9.2110595703125,False,False,0.0002441609120102,0.0180471261563116
20260958,3713,2.4035644523258366,0.3808557723619637,-143861523967.38092,-9.29364013671875,False,False,0.000244138898175,0.0180454990061762
20260958,3714,2.403808591224012,0.3808998830125938,-143861523967.3604,-9.27313232421875,False,False,0.0002441431380635,0.0180458123970501
20260958,3715,2.4040527343620752,0.3809439899493653,-143861523967.2111,-9.123809814453123,False,False,0.0002441035489573,0.0180428861727482
20260958,3716,2.4042968379110325,0.3809880852560075,-143861523967.09595,-9.0086669921875,False,False,0.0004883153329906,0.0360937725288807
20260958,3717,2.404785153244023,0.3810762819869701,-143861523967.00793,-8.920654296875,False,False,0.0002441429834147,0.0180458009662061
20260958,3718,2.405029296227438,0.3811203709852869,-143861523966.9652,-8.8779296875,False,False,0.0002441288776671,0.018044758341464
20260958,3719,2.405273425105105,0.3811644529612777,-143861523966.977,-8.88970947265625,False,False,0.0007324285528937,0.0541373735284941
20260958,3720,2.406005853657999,0.3812966796157442,-143861523966.74683,-8.6595458984375,False,False,0.0002441455916404,0.0180459937529085
20260958,3721,2.40624999924964,0.3813407467171463,-143861523966.76215,-8.67486572265625,False,False,0.0002441413517528,0.0180456803621003
20260958,3722,2.406494140601392,0.3813848085824275,-143861523966.83356,-8.74627685546875,False,False,0.0002441406329367,0.0180456272308884
20260958,3723,2.406738281234329,0.3814288658481032,-143861523966.89175,-8.804473876953125,False,False,0.0004882811430828,0.0360912453857187
20260958,3724,2.407226562377412,0.3815169669513203,-143861523966.87137,-8.784088134765625,False,False,0.0002432370694487,0.0179788404380129
20260958,3725,2.407469799446861,0.3815608478149127,-143861523966.9026,-8.8153076171875,False,False,0.0017099631675456,0.1263917338498559
20260958,3726,2.4091797626144063,0.3818692063905378,-143861523967.93338,-9.846099853515623,False,False,0.0007323624598392,0.0541324882678505
20260958,3727,2.409912125074245,0.3820012067694152,-143861523968.42746,-10.340179443359377,False,False,0.0002441547265163,0.018046668956231
20260958,3768,2.424560544179559,0.3846330334401159,-143861523967.66193,-9.57464599609375,False,False,0.0002441432533313,0.0180458209170561
20260958,3769,2.42480468743289,0.3846767629027326,-143861523967.43353,-9.34625244140625,False,False,0.0002441330978637,0.0180450702768204
20260958,3770,2.425048820530754,0.3847204861439264,-143861523967.26282,-9.175537109375,False,False,0.0002441481801769,0.0180461850842905
20260958,3771,2.425292968710931,0.3847642076844341,-143861523967.17575,-9.088470458984377,False,False,0.0002441369647385,0.0180453560964347
20260958,3772,2.4255371056756694,0.3848079228156913,-143861523967.04813,-8.960845947265625,False,False,0.0002441440115283,0.018045876959106
20260958,3773,2.4257812496871978,0.3848516348087287,-143861523966.89426,-8.806976318359375,False,False,0.0002441394698653,0.0180455412625964
20260958,3774,2.426025389157063,0.3848953415895464,-143861523966.7657,-8.67840576171875,False,False,0.00024414039488,0.0180456096349555
20260958,3775,2.426269529551943,0.3849390441377929,-143861523966.6208,-8.53350830078125,False,False,0.0004882821552651,0.0360913202010616
20260958,3776,2.4267578117072084,0.3850264362876603,-143861523966.2991,-8.211822509765625,False,False,0.0002441413714437,0.0180456818175521
20260958,3777,2.427001953078652,0.3850701258214032,-143861523966.10416,-8.016876220703125,False,False,0.0002441332131315,0.0180450787968264
20260958,3778,2.427246086291784,0.3851138095007463,-143861523966.13058,-8.043304443359375,False,False,0.0002441455916413,0.0180459937529742
20260958,3779,2.427490231883425,0.3851574910011908,-143861523966.0809,-7.993621826171875,False,False,0.0004882752912234,0.0360908128461909
20260958,3780,2.4279785071746485,0.3852448379811588,-143861523965.65207,-7.564788818359375,False,False,0.0002441463498383,0.018046049795024
20260958,3781,2.428222653524487,0.385288506440966,-143861523965.48892,-7.401641845703125,False,False,0.0002441433564293,0.0180458285375312
20260958,3782,2.428466796880916,0.3853321699750102,-143861523965.7711,-7.683807373046875,False,False,0.000244140529837,0.018045619610282
20260958,3783,2.428710937410753,0.3853758286141652,-143861523965.44836,-7.361083984375,False,False,0.0002441406451048,0.018045628130288
20260958,3784,2.428955078055858,0.3854194828854671,-143861523965.53333,-7.446044921875,False,False,0.0002441272975541,0.0180446415475958
20260958,3785,2.429199205353412,0.3854631303828967,-143861523965.7058,-7.6185302734375,False,False,0.0002441539486275,0.0180466114586636
20260958,3786,2.42944335930204,0.3855067782583278,-143861523965.88522,-7.797943115234375,False,False,0.0002440706214592,0.0180404523404586
20260958,3787,2.429687429923499,0.385550406853145,-143861523965.97913,-7.891845703125,False,False,0.0002441945977063,0.0180496160307168
20260958,3788,2.4299316245212053,0.3855940532234451,-143861523965.96738,-7.880096435546875,False,False,0.0002440764536286,0.0180408834246002
20260958,3789,2.430175700974834,0.3856376740943285,-143861523965.95447,-7.8671875,False,False,0.000244027300436,0.0180372502719345
20260958,3790,2.43041972827527,0.3856812818010981,-143861523965.99698,-7.909698486328125,False,False,0.0021974811749703,0.1624265721498339
20260958,3791,2.4326172094502403,0.3860737748154649,-143861523967.62643,-9.539154052734377,False,False,0.0002441320894415,0.0180449957394051
20260958,3792,2.432861341539682,0.3861173574634112,-143861523967.79825,-9.710968017578123,False,False,0.0004882748348,0.0360907791097111
20260958,3793,2.433349616374482,0.3862045115424067,-143861523968.26657,-10.179290771484377,False,False,0.0007324243326962,0.054137061593072
20260958,3825,2.446289061168202,0.3885077733270159,-143861523968.3325,-10.245208740234377,False,False,0.000244141943134,0.0180457240739723
20260958,3826,2.4465332031113363,0.3885511141610234,-143861523968.08908,-10.001800537109377,False,False,0.0002441380247102,0.0180454344441203
20260958,3827,2.4467773411360465,0.3885944499747158,-143861523967.8368,-9.74951171875,False,False,0.0002441432214714,0.0180458185621391
20260958,3828,2.447021484357518,0.3886377823869167,-143861523967.6681,-9.580810546875,False,False,0.0002441356029923,0.0180452554431133
20260958,3829,2.4472656199605103,0.3886811091240058,-143861523967.55728,-9.470001220703123,False,False,0.0002441426816401,0.0180457786605703
20260958,3830,2.4475097626421505,0.3887244327951585,-143861523967.33618,-9.2489013671875,False,False,0.0002441429196968,0.0180457962565033
20260958,3831,2.447753905561848,0.3887677521871646,-143861523967.0437,-8.9564208984375,False,False,0.0002441406132467,0.0180456257755023
20260958,3832,2.447998046175094,0.3888110668494575,-143861523966.73447,-8.647186279296875,False,False,0.0004882808253787,0.0360912219026572
20260958,3833,2.448486327000473,0.3888976831449963,-143861523965.89655,-7.80926513671875,False,False,0.0002441391999497,0.018045521311812
20260958,3834,2.4487304662004226,0.3889409846004635,-143861523965.53842,-7.451141357421875,False,False,0.0002441410181184,0.0180456557015475
20260958,3835,2.448974607218541,0.3889842820614064,-143861523965.37085,-7.2835693359375,False,False,0.000244142765049,0.018045784825725
20260958,3836,2.44921874998359,0.389027575515957,-143861523965.24716,-7.159881591796875,False,False,0.0002441406329367,0.0180456272308884
20260958,3837,2.4494628906165268,0.3890708642771216,-143861523965.08084,-6.993560791015625,False,False,0.0002441406132458,0.0180456257754366
20260958,3838,2.4497070312297726,0.3891141487203723,-143861523964.83307,-6.74578857421875,False,False,0.000244120552538,0.0180441429904946
20260958,3839,2.4499511517823107,0.3891574252939676,-143861523964.54068,-6.453399658203125,False,False,0.0002441600704035,0.0180470639490415
20260958,3840,2.450195311852714,0.3892007045600679,-143861523964.3395,-6.252227783203125,False,False,0.0002441395532741,0.018045547427751
20260958,3841,2.4504394514059884,0.3892439758773608,-143861523964.29422,-6.206939697265625,False,False,0.0002441384614426,0.0180454667251483
20260958,3842,2.450683589867431,0.3892872426902197,-143861523964.27728,-6.19000244140625,False,False,0.0002441430031057,0.0180458024216579
20260958,3843,2.450927732870537,0.3893305059977937,-143861523964.15378,-6.066497802734375,False,False,0.0002441410696683,0.0180456595118507
20260958,3844,2.451171873940205,0.3893737646534535,-143861523964.07086,-5.98358154296875,False,False,0.0002441412364859,0.01804567184216
20260958,3845,2.451416015176691,0.3894170190302425,-143861523964.07635,-5.98907470703125,False,False,0.0002441407482027,0.0180456357507632
20260958,3846,2.451660155924894,0.3894602690129635,-143861523964.0557,-5.968414306640625,False,False,0.0002441346779775,0.0180451870707542
20260958,3847,2.4519042906028714,0.3895035136137965,-143861523964.02158,-5.934295654296875,False,False,0.0002441458934159,0.01804601605861
20260958,3848,2.4521484364962878,0.3895467558953452,-143861523963.97144,-5.8841552734375,False,False,0.0002441321213009,0.0180449980942893
20260958,3849,2.4523925686175883,0.3895899914328249,-143861523964.00357,-5.916290283203125,False,False,0.0002441484182336,0.0180462026802234
20260958,3850,2.452636717035822,0.3896332255522224,-143861523964.1917,-6.10443115234375,False,False,0.0002441339197787,0.018045131028573
20260958,3851,2.4528808509556006,0.3896764528010593,-143861523964.39435,-6.30706787109375,False,False,0.0004881181016314,0.0360791941953016
20260958,3852,2.453368969057232,0.3897628678865245,-143861523964.6281,-6.54083251953125,False,False,0.0002150075512705,0.0158922587992958
20260958,3853,2.4535839766085026,0.3898009267773181,-143861523964.70807,-6.62078857421875,False,False,0.0002736856335632,0.0202294426057737
20260958,3854,2.453857662242066,0.389849367561459,-143861523964.75638,-6.669097900390625,False,False,0.0007322091849104,0.0541211589688527
20260958,3855,2.4545898714269763,0.3899789378212134,-143861523964.95438,-6.867095947265625,False,False,0.0029296627997208,0.2165456940125869
20260958,3897,2.469726559836694,0.3926488722362579,-143861523967.9527,-9.86541748046875,False,False,0.000244140831612,0.0180456419159506
20260958,3898,2.469970700668306,0.3926918015942615,-143861523967.34183,-9.254547119140623,False,False,0.0002441425663737,0.0180457701406628
20260958,3899,2.47021484323468,0.3927347270141745,-143861523966.78308,-8.69580078125,False,False,0.0002441411015272,0.0180456618667021
20260958,3900,2.470458984336207,0.3927776479342699,-143861523966.1812,-8.09393310546875,False,False,0.0004882804523642,0.0360911943313321
20260958,3901,2.4709472647885717,0.3928634767433506,-143861523965.03406,-6.94677734375,False,False,0.000244139624514,0.0180455526934403
20260958,3902,2.4711914044130854,0.3929063846821697,-143861523964.5182,-6.430908203125,False,False,0.0002441390649918,0.0180455113364198
20260958,3903,2.4714355434780773,0.392949288283816,-143861523963.98724,-5.89996337890625,False,False,0.0002441439599785,0.0180458731488028
20260958,3904,2.471679687438056,0.3929921885075582,-143861523963.594,-5.5067138671875,False,False,0.0002441353527666,0.0180452369477151
20260958,3905,2.4719238227908225,0.3930350829817654,-143861523963.35916,-5.271881103515625,False,False,0.0002441459449649,0.0180460198688475
20260958,3906,2.472167968735788,0.393077975080551,-143861523963.05075,-4.963470458984375,False,False,0.0002441324230755,0.0180450203999251
20260958,3907,2.472412101158863,0.3931208605684115,-143861523962.83026,-4.74298095703125,False,False,0.0002441479815002,0.0180461703991298
20260958,3908,2.472656249140363,0.3931637445545199,-143861523962.77374,-4.68646240234375,False,False,0.0002441326929911,0.0180450403507095
20260958,3909,2.4729003818333544,0.3932066216215179,-143861523962.6691,-4.581817626953125,False,False,0.0002441451549088,0.0180459614719462
20260958,3910,2.4731445269882637,0.3932494966441273,-143861523962.58255,-4.495269775390625,False,False,0.0002441375364279,0.0180453983527892
20260958,3911,2.473388664524691,0.3932923660966821,-143861523962.4635,-4.376220703125,False,False,0.000244147306712,0.0180461205222346
20260958,3912,2.4736328118314037,0.3933352330333508,-143861523962.34918,-4.26190185546875,False,False,0.0002441410181193,0.0180456557016132
20260958,3913,2.4738769528495226,0.3933780946352898,-143861523962.32376,-4.236480712890625,False,False,0.0002441408831614,0.018045645726221
20260958,3914,2.474121093732684,0.3934209519838384,-143861523962.19867,-4.11138916015625,False,False,0.000244140478288,0.0180456158000445
20260958,3915,2.474365234210972,0.3934638050324634,-143861523962.10107,-4.0137939453125,False,False,0.0002441406132458,0.0180456257754366
20260958,3916,2.474609374824218,0.3935066538767608,-143861523962.01788,-3.93060302734375,False,False,0.0002441407482036,0.0180456357508288
20260958,3917,2.4748535155724216,0.3935494985175578,-143861523961.8679,-3.780609130859375,False,False,0.0004882812621112,0.0360912541836852
20260958,3918,2.475341796834533,0.393635175079817,-143861523961.93854,-3.85125732421875,False,False,0.0002441392711896,0.0180455265775014
20260958,3919,2.4755859361057224,0.3936780067849433,-143861523961.77237,-3.685089111328125,False,False,0.0002441333480893,0.0180450887722186
20260958,3920,2.475830069453812,0.3937208332272744,-143861523961.75998,-3.672698974609375,False,False,0.0002441455400914,0.018045989942671
20260958,3921,2.4760742149939032,0.3937636575852742,-143861523961.8424,-3.755126953125,False,False,0.0002441422645995,0.0180457478350598
20260958,3922,2.476318357258503,0.3938064771464677,-143861523961.96384,-3.876556396484375,False,False,0.0002439153615423,0.0180289763212847
20260958,3923,2.476562272620045,0.3938492526961209,-143861523962.1702,-4.082916259765625,False,False,0.0021974932160846,0.1624274621674356
20260958,3924,2.47875976583613,0.394234438253354,-143861523965.51968,-7.432403564453125,False,False,0.0002441536149948,0.0180465867982421
20260958,3925,2.4790039194511246,0.3942772134135051,-143861523965.8779,-7.790618896484375,False,False,0.0004882690185601,0.0360903492029952
20260958,3926,2.4794921884696848,0.394362744403755,-143861523966.58112,-8.49383544921875,False,False,0.0002441448015844,0.0180459353560073
20260958,3927,2.479736333271269,0.3944055053855224,-143861523967.0712,-8.983917236328125,False,False,0.000244138191527,0.0180454467743639
20260958,3928,2.479980471462796,0.3944482609998697,-143861523967.5743,-9.487030029296877,False,False,0.0002441455082333,0.0180459875878852
20260958,3929,2.4802246169710296,0.3944910136865843,-143861523968.07297,-9.985687255859377,False,False,0.0002441410499782,0.0180456580564646
20260958,3968,2.492187499931245,0.3965807133973313,-143861523968.42148,-10.334197998046877,False,False,0.0002441406647948,0.0180456295856742
20260958,3969,2.49243164059604,0.3966232558426513,-143861523967.6425,-9.555206298828123,False,False,0.0004882810437454,0.036091238043204
20260958,3970,2.492919921639785,0.3967083281834672,-143861523966.16528,-8.0780029296875,False,False,0.0002441405298378,0.0180456196103477
20260958,3971,2.4931640621696234,0.3967508581068887,-143861523965.49667,-7.409393310546875,False,False,0.0002441408831614,0.018045645726221
20260958,3972,2.493408203052785,0.3967933839273558,-143861523964.92902,-6.84173583984375,False,False,0.0002441406966537,0.0180456319405256
20260958,3973,2.4936523437494387,0.3968359055516491,-143861523964.40765,-6.32037353515625,False,False,0.0002441398231889,0.0180455673784697
20260958,3974,2.493896483572628,0.3968784228609646,-143861523963.85306,-5.765777587890625,False,False,0.0002441414229936,0.0180456856278554
20260958,3975,2.4941406249956213,0.396920936286822,-143861523963.2767,-5.189422607421875,False,False,0.0002441375364279,0.0180453983527892
20260958,3976,2.494384762532049,0.3969634448747289,-143861523962.7088,-4.62152099609375,False,False,0.0002441435551059,0.0180458432226919
20260958,3977,2.494628906087155,0.3970059503501204,-143861523962.18518,-4.097900390625,False,False,0.0002441407678936,0.018045637206215
20260958,3978,2.494873046855049,0.3970484511806195,-143861523961.66687,-3.57958984375,False,False,0.0002441391999488,0.0180455213117464
20260958,3979,2.4951171860549977,0.3970909475794057,-143861523961.1062,-3.0189208984375,False,False,0.0002441409347113,0.0180456495365242
20260958,3980,2.495361326989709,0.3971334401221786,-143861523960.56433,-2.47705078125,False,False,0.0002441374530199,0.0180453921877002
20260958,3981,2.495605464442729,0.3971759279018766,-143861523960.06818,-1.98089599609375,False,False,0.0002441442102041,0.018045891644201
20260958,3982,2.495849608652933,0.3972184127011233,-143861523959.64957,-1.562286376953125,False,False,0.0002441413395848,0.0180456794627007
20260958,3983,2.496093749992518,0.3972608928452488,-143861523959.35205,-1.2647705078125,False,False,0.0002441397397801,0.0180455612133151
20260958,3984,2.496337889732298,0.3973033685562994,-143861523959.10474,-1.0174560546875,False,False,0.0002441409665703,0.0180456518913756
20260958,3985,2.4965820306988684,0.3973458403268713,-143861523958.7965,-0.709228515625,False,False,0.0002441411015277,0.018045661866735
20260958,3986,2.496826171800396,0.3973883079678028,-143861523958.48773,-0.40045166015625,False,False,0.0004882812939697,0.0360912565385037
20260958,3987,2.497314453094366,0.397473230635461,-143861523958.28387,-0.19659423828125,False,False,0.0002441394895562,0.0180455427180482
20260958,3988,2.497558592583922,0.3975156855416193,-143861523958.16333,-0.0760498046875,False,False,0.0002441411015272,0.0180456618667021
20260958,3989,2.4978027336854494,0.3975581365782344,-143861523958.08728,0.0,True,False,0.0002441411015272,0.0180456618667021
20260958,3990,2.4980468747869766,0.3976005834657883,-143861523958.09253,-0.0052490234375,False,False,0.0002441400415555,0.0180455835190165
20260958,3991,2.498291014828532,0.39764302602083,-143861523958.25397,-0.16668701171875,False,False,0.0002441402280632,0.0180455973047119
20260958,3992,2.4985351550565955,0.397685464460887,-143861523958.48178,-0.394500732421875,False,False,0.0002441399581476,0.0180455773539275
20260958,3993,2.498779295014743,0.3977278987074325,-143861523958.61868,-0.531402587890625,False,False,0.0002441424632735,0.0180457625200235
20260958,3994,2.4990234374780167,0.3977703292435531,-143861523958.76532,-0.67803955078125,False,False,0.0002441273612721,0.0180446462572986
20260958,3995,2.499267564839289,0.3978127530103635,-143861523958.96762,-0.880340576171875,False,False,0.0002441419112741,0.0180457217190552
20260958,3996,2.499511706750563,0.3978551751615293,-143861523959.24457,-1.15728759765625,False,False,0.0026855615534531,0.1985029780428791
20260958,3997,2.502197268304016,0.3983215456286533,-143861523964.71146,-6.624176025390625,False,False,0.0002441438250215,0.0180458631734762
20260958,3998,2.5024414121290377,0.3983639184442958,-143861523965.34113,-7.25384521484375,False,False,0.0002441363930474,0.0180453138399489
20260958,3999,2.502685548522085,0.3984062858364718,-143861523966.08167,-7.994384765625,False,False,0.0002441485531905,0.0180462126555499
20260958,4000,2.502929697075276,0.3984486512058808,-143861523966.8822,-8.794921875,False,False,0.0002441351981188,0.0180452255169368
20260958,4001,2.5031738322733945,0.3984910101258846,-143861523967.65814,-9.57086181640625,False,False,0.0002441420780909,0.0180457340492988
20260958,4002,2.503417974351485,0.3985333661083552,-143861523968.30664,-10.2193603515625,False,False,0.0002441420265419,0.0180457302390612
20260982,9,0.0039062622577123,-2.408238602509036,-86672798004.76648,-5.5809478759765625,False,True,0.0012206912830718,0.4162556137684203
20260982,12,0.0063476562422936,-2.197386600524209,-86672798005.89404,-6.708511352539063,False,False,0.0002441327409127,0.0832492418999372
20260982,13,0.0065917889832063,-2.1809967037526703,-86672798005.63264,-6.447113037109375,False,False,0.0002754396469495,0.0939248939409429
20260982,14,0.0068672286301559,-2.1632184934296985,-86672798005.41916,-6.2336273193359375,False,False,0.0007011347123106,0.2390868715575504
20260982,51,0.0188494946527216,-1.7247002885603828,-86672798006.60811,-7.422576904296875,False,False,0.0011700391534446,0.3989832422859246
20260982,323,0.1121169243463546,-0.9503288245554156,-86672798006.47104,-7.285507202148437,False,False,0.0001877755904619,0.0640314588482599
20260982,324,0.1123046999368165,-0.949602068191676,-86672798006.38354,-7.198013305664063,False,False,0.0007324121696102,0.2497524815818951
20260982,416,0.1430663975330312,-0.8444623584110429,-86672798005.95067,-6.76513671875,False,False,0.0001223010485817,0.0417046461688513
20260982,417,0.1431886985816129,-0.8440912581268364,-86672798006.07648,-6.8909454345703125,False,False,0.000610135488091,0.2080561445790782
20260982,425,0.1464029785277518,-0.8344500875876802,-86672798006.62164,-7.436111450195312,False,False,0.0010579606481198,0.3607644824150222
20260982,463,0.1598855478833119,-0.7961907905263568,-86672798005.35248,-6.1669464111328125,False,False,0.0007589846736987,0.2588137029996991
20260982,470,0.1631808538742351,-0.7873307986738012,-86672798006.82205,-7.6365203857421875,False,False,0.0001492490111083,0.0508938988790825
20260982,471,0.1633301028853434,-0.7869337643622327,-86672798006.70401,-7.518478393554687,False,False,0.0009765395165402,0.332999884134203
20260982,752,0.2548828181924072,-0.593659439602246,-86672798006.2396,-7.0540618896484375,False,False,0.0009765575468399,0.3330060324647291
20260982,779,0.2662483529206421,-0.574713070199925,-86672798005.67726,-6.491729736328125,False,False,0.0008414923488735,0.2869488125452454
20260982,784,0.269287105752828,-0.5697844413692644,-86672798005.69168,-6.506149291992188,False,False,0.0001901989441172,0.0648578222188985
20260982,785,0.2694773046969453,-0.5694778050966252,-86672798005.78882,-6.603286743164063,False,False,0.0007863684632392,0.2681515726810431
20260982,874,0.3006372384027378,-0.5219572265728494,-86672798006.22502,-7.03948974609375,False,False,0.0008764352715836,0.2988643459329618
20260982,909,0.313232417053953,-0.5041332982771927,-86672798006.24628,-7.0607452392578125,False,False,0.0009765686624443,0.3330098228848062
20260982,972,0.3337402292221945,-0.4765914401052719,-86672798006.67688,-7.491348266601562,False,False,0.0009765695928214,0.3330101401432946
20260982,980,0.3373621133006527,-0.4719036914811658,-86672798005.9662,-6.780670166015625,False,False,0.0010167942588382,0.3467267475064026
20260982,999,0.3461914086160336,-0.4606837141525555,-86672798006.20755,-7.022018432617188,False,False,0.0007324197643888,0.2497550714006655
20260982,1095,0.3778087427308244,-0.4227279964517133,-86672798006.26555,-7.08001708984375,False,False,0.000609226211924,0.2077460814908784
20260982,1129,0.3893925718623535,-0.4096123374332455,-86672798005.24165,-6.056121826171875,False,False,0.0009882894106212,0.3370065969208458
20260982,1170,0.4043216571819755,-0.3932729953897507,-86672798005.38004,-6.194503784179688,False,False,0.0009517823008007,0.3245576758742181
20260982,1219,0.4216308547578629,-0.3750676151561277,-86672798006.05013,-6.864593505859375,False,False,0.0004882912397159,0.1665072672381467
20260982,1329,0.4602051145460989,-0.337048559055456,-86672798006.62463,-7.439102172851562,False,False,0.0002441064233483,0.0832402676129453
20260982,1330,0.4604492209694473,-0.3368182574730879,-86672798006.52254,-7.337005615234375,False,False,0.0007324202343148,0.2497552316453832
20260982,1431,0.4934082823344495,-0.3067935647328673,-86672798006.39558,-7.210052490234375,False,False,0.000732345297179,0.2497296780890866
20260982,1497,0.5141566932945265,-0.2889045061748276,-86672798006.56642,-7.380889892578125,False,False,0.0004917501867153,0.1676867678425688
20260982,1547,0.5312500140436861,-0.274701045460982,-86672798005.63339,-6.4478607177734375,False,False,0.0009765500695426,0.333003482707053
20260982,1560,0.5365983467309087,-0.2703506697310748,-86672798006.50996,-7.324432373046875,False,False,0.0009993111780178,0.3407650185759388
20260982,1620,0.5561785901358436,-0.2547857331360521,-86672798005.48923,-6.3036956787109375,False,False,0.0009503171179829,0.3240580486699128
20260982,1728,0.5892712923525076,-0.2296847160006968,-86672798006.24352,-7.0579833984375,False,False,0.0008165992086626,0.2784602540531516
20260982,1889,0.6452636735951124,-0.1902627836783429,-86672798006.76634,-7.580810546875,False,False,0.0012207022315834,0.4162593472098405
20260982,1931,0.6601757740208328,-0.1803404166947608,-86672798005.28639,-6.100860595703125,False,False,0.0009570390743068,0.3263502351499265
20260982,1943,0.6655273437398572,-0.1768340964757383,-86672798004.86508,-5.6795501708984375,False,False,0.0001272917231909,0.0434064657454905
20260982,1944,0.6656546354630481,-0.1767510393220119,-86672798005.56087,-6.375335693359375,False,False,0.0010934119583069,0.3728533758850289
20260982,1955,0.6711552395297922,-0.1731770150420223,-86672798005.1024,-5.9168701171875,False,False,0.0009639018572811,0.3286904435045826
20260982,1979,0.6807022445026714,-0.1670428173790688,-86672798006.58101,-7.395477294921875,False,False,0.0009383822412858,0.3199882568284237
20260982,2134,0.7292906003736207,-0.1370993839033059,-86672798006.84018,-7.654647827148437,False,False,0.0006898700163872,0.2352456112974282
20260982,2206,0.7540198994613633,-0.1226171924429279,-86672798006.23476,-7.049224853515625,False,False,0.0008629158095873,0.2942542106521177
20260982,2392,0.8164062631415729,-0.0880936722100203,-86672798006.54732,-7.361785888671875,False,False,0.000732410324187,0.2497518522927359
20260982,2463,0.8399542498146552,-0.0757443682168564,-86672798006.14691,-6.9613800048828125,False,False,0.0011102050534284,0.378579819756466
20260982,2476,0.8462226650259728,-0.0725153468091548,-86672798006.6796,-7.494064331054687,False,False,0.0002128859531578,0.0725940901874762
20260982,2477,0.8464355509791306,-0.0724061042056044,-86672798006.66417,-7.4786376953125,False,False,0.0009765604277189,0.3330070148442117
20260982,2517,0.8596191548111214,-0.0656939157305158,-86672798006.69919,-7.5136566162109375,False,False,0.000732408293412,0.2497511597986526
20260982,2529,0.8643315031721714,-0.063319657537355,-86672798006.57758,-7.3920440673828125,False,False,0.0006587351260827,0.2246286166051325
20260982,2573,0.8786621086351236,-0.0561781016805602,-86672798005.36177,-6.176239013671875,False,False,9.183192505690664e-05,0.0313146778863721
20260982,2574,0.8787539405601805,-0.0561327144788565,-86672798005.87798,-6.69244384765625,False,False,0.0003964517972254,0.1351900259076107
20260982,2581,0.8811036344884824,-0.054973007320655,-86672798006.42317,-7.237640380859375,False,False,0.0002440219781404,0.0832114718049083
20260982,2582,0.8813476564666228,-0.0548527459553729,-86672798006.56577,-7.380233764648437,False,False,0.0007324219899903,0.249755830330582
20260982,2588,0.8842773429737418,-0.0534115023709778,-86672798005.63701,-6.45147705078125,False,False,0.0002441413711469,0.0832521848089919
20260982,2589,0.8845214843448888,-0.0532916139480219,-86672798005.08022,-5.894683837890625,False,False,0.0001380694930152,0.0470816842511633
20260982,2590,0.884659553837904,-0.0532238279863105,-86672798006.34898,-7.1634521484375,False,False,0.0003502119233929,0.1194222332399085
20260982,2628,0.8976321843369046,-0.0469015843083469,-86672798005.25763,-6.0720977783203125,False,False,0.001049456790397,0.357864667724041
20260982,2633,0.9005258971192145,-0.0455037933227915,-86672798006.6725,-7.486968994140625,False,False,0.0008412924299219,0.2868806402013565
20260982,2784,0.952636723983488,-0.021072680523397,-86672798005.27118,-6.0856475830078125,False,False,0.0007324176934774,0.2497543652200755
20260982,2833,0.9704589839587752,-0.0130228151615519,-86672798003.63004,-4.444503784179688,False,False,0.0002087003359352,0.0711667951046384
20260982,2834,0.9706676842947104,-0.0129294287730182,-86672798004.04036,-4.854827880859375,False,False,0.0010120039234953,0.3450932436008785
20260982,2839,0.9735979621138018,-0.011620343820367,-86672798006.31989,-7.1343536376953125,False,False,0.0010114132237359,0.3448918150379961
20260982,2911,0.99658204769837,-0.0014869404197866,-86672798006.85555,-7.670013427734375,False,False,0.0009765475688419,0.3330026299683277
20260982,3200,1.0895996092883606,0.0372669388382222,-86672798002.47263,-3.287094116210937,False,False,0.0009765633210008,0.3330080014530483
20260982,3466,1.1726290227029552,0.0691606388200917,-86672798006.28824,-7.102706909179688,False,False,0.000710821369855,0.2423900208774428
20260982,3529,1.1939518234710451,0.0769868031561651,-86672798006.73561,-7.550079345703125,False,False,0.000139987834804,0.0477358386223914
20260982,3530,1.1940918113058494,0.0770377201020477,-86672798006.45576,-7.270233154296875,False,False,0.0009765488144548,0.3330030547222263
20260982,3534,1.1966609015034106,0.0779711015595308,-86672798006.76903,-7.58349609375,False,False,0.0001164609876709,0.0397131859425138
20260982,3535,1.1967773624910816,0.0780133657491724,-86672798005.91185,-6.726318359375,False,False,0.000976544048016,0.3330014293670399
20260982,3711,1.2550615977960795,0.0986650412962975,-86672798006.3732,-7.187667846679688,False,False,6.553579484025462e-05,0.0223476999330919
20260982,3712,1.25512713359092,0.098687718343419,-86672798006.25151,-7.06597900390625,False,False,0.0007322432821226,0.2496948909643415
20260982,3737,1.26430682996068,0.1018524840634303,-86672798006.05147,-6.865936279296875,False,False,0.0010740317467812,0.366244725560853
20260982,3776,1.2768554681824795,0.1061417407064702,-86672798005.71954,-6.5340118408203125,False,False,0.0002088416602452,0.0712149866811891
20260982,3777,1.277064309842725,0.1062127678245642,-86672798005.62164,-6.4361114501953125,False,False,0.0007677234011,0.2617936082291835
20260982,3853,1.3016562673503604,0.1144963138006513,-86672798006.8169,-7.6313629150390625,False,False,0.0010781093989096,0.3676352045566308
20260982,3908,1.3208007805562687,0.1208373169106882,-86672798005.05934,-5.873809814453125,False,False,0.0009765653517759,0.3330086939471693
20260982,4057,1.3706054701357302,0.1369124607697329,-86672798006.6624,-7.47686767578125,False,False,0.0009765613829011,0.3330073405612377
20260982,4170,1.4078652106180478,0.1485610773295686,-86672798005.19409,-6.008560180664063,False,False,0.0010703367151518,0.3649847201195981
20260982,4297,1.4482421832800585,0.1608411931231067,-86672798006.77391,-7.58837890625,False,False,0.0002441043028253,0.0832395445148069
20260982,4327,1.4582982067023949,0.1638463417341804,-86672798006.2173,-7.031768798828125,False,False,0.0001978899891281,0.0674804678508742
20260982,4328,1.458496096691523,0.1639052711762286,-86672798005.8855,-6.699966430664063,False,False,0.0009765596673632,0.3330067555629621
20260982,4332,1.4610179847237776,0.1646555620111081,-86672798005.19461,-6.009078979492188,False,False,0.000896078005713,0.3055625164405192
20260982,4417,1.492151081996719,0.173812798173934,-86672798005.69925,-6.513717651367188,False,False,0.000768841003893,0.2621747106774366
20260982,4431,1.499116658889055,0.175835430273511,-86672798003.6022,-4.416671752929688,False,False,0.0008833418026117,0.3012194723699024
20260982,4509,1.5233165899118912,0.1827901718607986,-86672798005.82663,-6.6410980224609375,False,False,0.001097473063639,0.3742382124248218
20260982,4560,1.5413049376116912,0.1878885696857926,-86672798005.92638,-6.7408447265625,False,False,0.0009313912307686,0.3176043228935828
20260982,4652,1.5724301731993855,0.1965713688597455,-86672798003.78448,-4.5989532470703125,False,False,0.0010561556099402,0.3601489645639876
20260982,4675,1.5817598611201171,0.1991405506492536,-86672798005.64453,-6.458999633789063,False,False,0.0007596703716683,0.25904752594344
20260982,4698,1.5917968750075966,0.2018876477662184,-86672798003.79456,-4.6090240478515625,False,False,0.000976562835744,0.3330078359805507
20260982,4704,1.5952293016310146,0.202823118286905,-86672798005.09724,-5.911712646484375,False,False,0.0007179651231197,0.2448260400749676
20260982,4739,1.6071777335210051,0.2060639068935364,-86672798005.70949,-6.523956298828125,False,False,0.0001400999730738,0.0477740777619363
20260982,4740,1.6073178334940792,0.2061017633123684,-86672798006.7643,-7.578765869140625,False,False,0.0005923245577537,0.2019826189938965
20260982,4745,1.6103967165844069,0.206932876404488,-86672798006.22932,-7.043792724609375,False,False,0.0009314094310897,0.3176105292013572
20260982,4850,1.6441505471797226,0.2159415813402694,-86672798005.44267,-6.25714111328125,False,False,0.0008689844128877,0.2963236038120188
20260982,4930,1.670410187981573,0.2228231301312473,-86672798003.52417,-4.338638305664063,False,False,0.000976531594123,0.332997182590678
20260982,4935,1.673095702370656,0.2235207836538111,-86672798005.87479,-6.689254760742188,False,False,0.0002441410836442,0.083252086770602
20260982,4936,1.6733398434543,0.2235841520493285,-86672798005.56755,-6.38201904296875,False,False,0.0007324226576705,0.2497560580094831
20260982,5074,1.7163085935024074,0.2345953769893988,-86672798005.97545,-6.7899169921875,False,False,0.0002441389353886,0.0832513542156516
20260982,5075,1.716552732437796,0.2346571494774597,-86672798005.87044,-6.684906005859375,False,False,0.0007324258909944,0.2497571605726081
20260982,5099,1.7243652290278049,0.2366292569366613,-86672798005.68765,-6.502120971679688,False,False,0.0009765706530826,0.3330105016922692
20260982,5318,1.7976909402149714,0.2547150297240237,-86672798006.36617,-7.180633544921875,False,False,0.0006489065969565,0.2212770890890688
20260982,5352,1.807861327037526,0.2571651146282139,-86672798006.21495,-7.0294189453125,False,False,9.441298272561129e-05,0.0321948183108655
20260982,5353,1.8079557400202515,0.257187794446726,-86672798006.49728,-7.3117523193359375,False,False,0.0003938719450329,0.1343102965503766
20260982,5497,1.85327148591973,0.2679390438199693,-86672798006.49306,-7.307525634765625,False,False,0.0002441404407695,0.0832518675504088
20260982,5562,1.8773168631411183,0.2735375812519439,-86672798006.6079,-7.42236328125,False,False,0.001101109800532,0.3754783393664067
20260982,5628,1.898193375181214,0.2783404533474613,-86672798005.87943,-6.693893432617188,False,False,0.0007324066829519,0.2497506106319091
20260982,5674,1.9123854160771463,0.2815754230903852,-86672798006.45538,-7.269851684570312,False,False,0.0002122433231583,0.0723749534175565
20260982,5675,1.912597659400305,0.281623619959414,-86672798006.05638,-6.870849609375,False,False,0.0004882781830843,0.1665028149279847
20260982,5688,1.9184160137760824,0.2829427909974549,-86672798005.47765,-6.2921142578125,False,False,0.0010175812363137,0.3469951067522146
20260982,5886,1.985863443949809,0.2979493813305271,-86672798006.01323,-6.82769775390625,False,False,0.0007088225364011,0.2417084188559509
20260982,5892,1.9887695303881985,0.2985844575940099,-86672798006.22688,-7.041351318359375,False,False,0.000146538715247,0.0499696882429591
20260982,5893,1.988916069103445,0.2986164565812873,-86672798006.27223,-7.086700439453125,False,False,0.0008300263059615,0.2830388929807742
20260982,5931,2.0024414031578983,0.3015598163130688,-86672798004.80371,-5.618179321289063,False,False,0.0009765659267806,0.3330088900237221
20260982,6050,2.041748046779808,0.3100021487967676,-86672798006.20943,-7.023895263671875,False,False,0.0001849922831613,0.063082351318164
20260982,6051,2.041933039062969,0.3100414962022764,-86672798006.5199,-7.334365844726562,False,False,0.0003032933648174,0.1034230091381428
20260982,6117,2.064795120726389,0.3148769652649346,-86672798005.21414,-6.028610229492188,False,False,0.00087870761336,0.2996392142669529
20260982,6280,2.1182756310342485,0.32598247005326,-86672798006.84256,-7.6570281982421875,False,False,0.0006208543232322,0.2117112663633136
20260982,6309,2.129528531307444,0.3282834631025956,-86672798005.52003,-6.334503173828125,False,False,0.0001101441764141,0.0375591538926457
20260982,6310,2.129638675483858,0.3283059252440043,-86672798005.39804,-6.2125091552734375,False,False,0.0009765589872792,0.3330065236543852
20260982,6391,2.157699704067765,0.3339910020052736,-86672798006.48184,-7.296310424804687,False,False,0.0007475622737622,0.2549186656858478
20260982,6430,2.1712480306787683,0.336709437550385,-86672798006.35966,-7.17413330078125,False,False,0.0001387040553817,0.0472980699590177
20260982,6431,2.17138673473415,0.3367371803420976,-86672798006.27794,-7.0924072265625,False,False,0.0009765496397537,0.333003336149088
20260982,6516,2.198486329792769,0.342123769517233,-86672798006.74797,-7.56243896484375,False,False,0.0002441465301661,0.0832539440340623
20260982,6578,2.2211914019619936,0.3465859836877572,-86672798005.34543,-6.1598968505859375,False,False,0.0007324265988106,0.2497574019378834
20260982,6586,2.224853502824187,0.3473014198069847,-86672798003.90349,-4.71795654296875,False,False,0.0012207167227993,0.4162642887131099
20260982,6678,2.255469729835344,0.3532370029018331,-86672798006.22896,-7.043426513671875,False,False,0.0006337859692768,0.2161209564594108
20260982,6728,2.272819116801811,0.3565648736041009,-86672798003.87325,-4.687713623046875,False,False,0.000862525501633,0.2941211156760786
20260982,6765,2.28468087670902,0.35882554656639,-86672798006.78915,-7.603622436523437,False,False,0.0002312363827092,0.078851584954401
20260982,6766,2.284912113091729,0.3588695000149076,-86672798005.96716,-6.7816314697265625,False,False,0.0002441374672148,0.083250853568521
20260982,6767,2.285156250558944,0.3589159008765583,-86672798006.76967,-7.584136962890625,False,False,0.0007324232202723,0.249756249856625
20260982,6771,2.287353515258496,0.3593332909124994,-86672798005.60854,-6.423004150390625,False,False,0.000194500010278,0.0663244853789181
20260982,6772,2.287548015268774,0.3593702186062131,-86672798006.13692,-6.951385498046875,False,False,0.000537925450927,0.1834325286355735
20260982,6790,2.2943088127007387,0.3606518732973853,-86672798005.87419,-6.68865966796875,False,False,0.001101344630074,0.375558416218356
20260982,6802,2.3005371473089413,0.3618292503115471,-86672798006.64485,-7.459320068359375,False,False,0.0007323849712808,0.2497432069540779
20260982,6817,2.306152352773827,0.3628879949722734,-86672798006.6821,-7.4965667724609375,False,False,0.0002441328087829,0.0832492650436901
20260982,6892,2.3343422929847266,0.3681645385366651,-86672798006.8151,-7.629562377929687,False,False,0.000130396846079,0.044465312360975
20260982,6893,2.3344726898308057,0.3681887976392138,-86672798006.62431,-7.43878173828125,False,False,0.0009765323792843,0.3329974503305977
20260982,6961,2.359090675706761,0.3727446340616281,-86672798005.70877,-6.523239135742188,False,False,0.0010167495154655,0.3467114900204907
20260982,6964,2.362001838337632,0.3732802312874784,-86672798004.66159,-5.4760589599609375,False,False,0.0007911312602106,0.2697756860044616
20260982,7030,2.382568359253628,0.3770453700116179,-86672798005.0958,-5.9102630615234375,False,False,0.0002441099565766,0.0832414724434545
20260982,7031,2.3828124692102044,0.3770898640871295,-86672798005.41734,-6.2318115234375,False,False,0.0004883146917329,0.1665152643737376
20260982,7037,2.387207048759068,0.3778900881453931,-86672798006.36551,-7.179977416992188,False,False,0.0007324059101927,0.2497503471210973
20260982,7043,2.3901367139500245,0.3784227429631946,-86672798005.64435,-6.4588165283203125,False,False,0.0002441408858899,0.0832520193364186
20260982,7044,2.3903808548359144,0.3784671017750243,-86672798006.367,-7.1814727783203125,False,False,0.0002253259934841,0.076836142779428
20260982,7071,2.397732102442056,0.37980065794108,-86672798005.0028,-5.8172760009765625,False,False,0.0007053976469597,0.2405405318756127
20260982,7094,2.406738279891244,0.3814288656057443,-86672798006.74649,-7.560958862304687,False,False,0.0001713626706063,0.0584346547070773
20260982,7095,2.4069096425618506,0.3814597867962754,-86672798006.7676,-7.582061767578125,False,False,0.002514185541071,0.8573370352023751
20260982,7096,2.4094238281029217,0.3819132010014164,-86672798003.38882,-4.203292846679688,False,False,0.0002441401284629,0.0832517610538788
20260982,7097,2.4096679682313846,0.3819572046083923,-86672798002.17853,-2.9929962158203125,False,False,0.0002441397854919,0.0832516441008049
20260982,7098,2.4099121080168766,0.3820012036954769,-86672798004.05354,-4.868011474609375,False,False,0.0007324280917906,0.2497579110439113
20260982,7163,2.4301757810797087,0.3856376884097974,-86672798005.49004,-6.30450439453125,False,False,0.000244140545849,0.0832519033825087
20260982,7164,2.4304199216255578,0.3856813163510809,-86672798003.42374,-4.238204956054688,False,False,0.0002441408581566,0.0832520098793416
20260982,7165,2.4306640624837144,0.3857249399658715,-86672798002.90457,-3.719039916992188,False,False,0.0002441406261217,0.0832519307554842
20260982,7166,2.430908203109836,0.3857685591577829,-86672798004.59563,-5.41009521484375,False,False,0.0001046203641585,0.035675534428262
20260982,7177,2.434570309851269,0.3864223213914636,-86672798006.63736,-7.451828002929687,False,False,0.0001916154052139,0.0653408353208673
20260982,7192,2.4384765633052936,0.3871185858549592,-86672798006.72978,-7.54425048828125,False,False,0.0002441413835496,0.0832521890383269
20260982,7242,2.452148436637596,0.3895467559203719,-86672798005.16843,-5.9828948974609375,False,False,0.0002441414638223,0.0832522164113025
20260982,7243,2.452392578101418,0.3895899931123174,-86672798002.89415,-3.7086181640625,False,False,0.0002441406107918,0.0832519255279695
20260982,7244,2.45263671871221,0.3896332258490645,-86672798002.39845,-3.212921142578125,False,False,0.0002441372723884,0.0832507871327445
20260982,7245,2.4528808559845983,0.3896764536914678,-86672798002.83806,-3.65252685546875,False,False,0.0002441439367899,0.0832530596930265
20260982,7246,2.453124999921388,0.3897196784114293,-86672798006.57175,-7.3862152099609375,False,False,0.0002441406881357,0.0832519519022353
20260982,7258,2.456298826724062,0.3902812007845678,-86672798006.44266,-7.2571258544921875,False,False,0.0002441412259317,0.0832521352906314
20260982,7259,2.4565429679499937,0.3903243648805212,-86672798005.55798,-6.3724517822265625,False,False,0.0002441413835496,0.0832521890383269
20260982,7260,2.4567871093335434,0.390367524714727,-86672798006.58159,-7.39605712890625,False,False,0.0002441401904764,0.0832517822004784
20260982,7290,2.465087891216159,0.3918324083960892,-86672798006.7441,-7.558563232421875,False,False,0.0002441406261217,0.0832519307554842
20260982,7337,2.4775390621373816,0.3940205105183544,-86672798005.88977,-6.7042388916015625,False,False,0.000244140978566,0.0832520509389563
20260982,7338,2.477783203115948,0.394063304538282,-86672798004.96379,-5.77825927734375,False,False,0.000244140295555,0.0832518180322754
20260982,7339,2.4780273434115028,0.394106094222133,-86672798003.74799,-4.5624542236328125,False,False,0.0002441404685029,0.0832518770074858
20260982,7340,2.4782714838800057,0.3941488797207724,-86672798003.93251,-4.746978759765625,False,False,0.0002441409106959,0.0832520277952402
20260982,7341,2.4785156247907016,0.3941916610822,-86672798004.6711,-5.485565185546875,False,False,0.0002441404933097,0.0832518854666102
20260982,7342,2.4787597652840114,0.3942344381566194,-86672798005.21036,-6.024826049804688,False,False,0.0002441409661626,0.0832520467093941
20260982,7347,2.480224609291726,0.3944910123419161,-86672798006.2313,-7.0457611083984375,False,False,0.0002441407005386,0.083251956131646
20260982,7348,2.480468749992265,0.3945337599787717,-86672798005.71512,-6.529586791992188,False,False,0.0002441382677069,0.0832511265362583
20260982,7349,2.480712888259972,0.3945765029824766,-86672798006.36443,-7.17889404296875,False,False,0.0002441429166646,0.0832527118303883
20260982,7350,2.4809570311766365,0.3946192425936601,-86672798006.42004,-7.234512329101562,False,False,0.0002095766950791,0.0714656334910451
20260982,7351,2.481166607871716,0.394655927694187,-86672798006.61252,-7.4269866943359375,False,False,0.0007669895068014,0.2615433503417318
20260982,7367,2.485595703844851,0.3954304896039798,-86672798006.58817,-7.4026336669921875,False,False,0.0002441403604978,0.0832518401777362
20260982,7409,2.497558593661973,0.3975156857290791,-86672798006.31091,-7.1253814697265625,False,False,0.0002441406757327,0.0832519476728245
20260982,7410,2.4978027343377063,0.3975581366916427,-86672798005.82846,-6.6429290771484375,False,False,0.0002441405983883,0.0832519212984073
20260982,7411,2.4980468749360947,0.397600583491713,-86672798005.32596,-6.140426635742188,False,False,0.0002441405305182,0.0832518981546911
20260982,7412,2.498291015466613,0.3976430261317518,-86672798005.66498,-6.4794464111328125,False,False,0.0002441407436029,0.0832519708165406
20260982,7413,2.498535156210216,0.3976854646614088,-86672798004.80759,-5.6220550537109375,False,False,0.0002441403604969,0.0832518401774333
20260982,7414,2.4987792965707127,0.3977278989778642,-86672798003.28532,-4.09979248046875,False,False,0.0002441408734874,0.0832520151071593
20260982,7415,2.4990234374442,0.3977703292376763,-86672798001.50339,-2.317855834960937,False,False,0.0002441405859849,0.0832519170688451
20260982,7416,2.499267578030185,0.3978127553025284,-86672797999.58723,-0.401702880859375,False,False,0.0002441406633302,0.0832519434435652
20260982,7417,2.4995117186935154,0.397855177236638,-86672797999.53506,-0.3495330810546875,False,False,0.0002441401656705,0.0832517737416568
20260982,7418,2.499755858859186,0.3978975949409121,-86672798000.95581,-1.7702789306640625,False,False,0.000244141003372,0.0832520593977779
20260982,7419,2.499999999862558,0.3979400086481615,-86672798003.4278,-4.2422637939453125,False,False,0.0002441407406745,0.0832519698179824
20260982,7420,2.5002441406032325,0.3979824181680123,-86672798005.54893,-6.3634033203125,False,False,0.0002441405582516,0.0832519076117681
20260982,7421,2.500488281161484,0.3980248235152291,-86672798006.59668,-7.4111480712890625,False,False,0.0002441406910635,0.0832519529006421
20260982,7423,2.500976562475741,0.3981096218244052,-86672798006.01495,-6.8294219970703125,False,False,0.0002441406509277,0.0832519392143058
20260982,7425,2.5014648437498623,0.398194403572524,-86672798001.87737,-2.69183349609375,False,False,0.0002441405859849,0.0832519170688451
20260982,7426,2.5017089843358478,0.3982367882319539,-86672797999.53403,-0.3484954833984375,False,False,0.0002441394979904,0.0832515460627935
20260982,7427,2.5019531238338377,0.3982791685664305,-86672797999.18553,0.0,True,False,0.0002441417761298,0.0832523229081353
20260982,7428,2.502197265609968,0.3983215451610601,-86672798001.2251,-2.0395660400390625,False,False,0.0002441405830584,0.0832519160708925
20260982,7429,2.502441406193026,0.398363917414111,-86672798004.26376,-5.0782318115234375,False,False,0.0002441393557024,0.0832514975426127
20260982,7435,2.503906249885504,0.3986180641871089,-86672798004.81618,-5.630645751953125,False,False,0.000244140295555,0.0832518180322754
20260982,7436,2.504150390181059,0.3986604074714901,-86672798003.8896,-4.704071044921875,False,False,0.0002441406633293,0.0832519434432623
20260982,7437,2.5043945308443885,0.3987027466916221,-86672798004.53207,-5.3465423583984375,False,False,0.0002441409260276,0.0832520330233607
20260982,7438,2.504638671770416,0.3987450818300712,-86672798004.75201,-5.5664825439453125,False,False,0.0002272258751827,0.0774840022616065
20260982,7439,2.504865897645599,0.3987844801148468,-86672798005.51144,-6.3259124755859375,False,False,0.0007493371459132,0.2555238969239439
20260983,34,0.0175167783802236,-1.756545764626002,-154231896170.5709,-6026.622894287109,False,True,0.0025027529300097,0.1321484412551316
20260983,7899,2.510498046862081,0.399759887834504,-154231890170.10895,-26.16094970703125,False,False,0.0002441405813868,0.0128909237865812
20260983,7900,2.5107421874434674,0.39980211999327,-154231890145.99405,-2.046051025390625,False,False,0.0002441406451048,0.0128909271509659
20260983,7901,2.5109863280885723,0.399844348056668,-154231890143.948,0.0,True,False,0.0002441406329358,0.0128909265084313
